brand,nama_produk,harga_jual,harga_asli,persentase_diskon,jumlah_size,rating
COSRX,Low pH Good Morning Gel Cleanser,Rp 57.270 - Rp 100.750,Rp 88.108 - Rp 155.000,35%,2,4.7
COSRX,Salicylic Acid Daily Gentle Cleanser,Rp 58.650 - Rp 116.250,Rp 69.000 - Rp 136.765,15%,2,4.7
Pure Paw Paw,Ointment,Rp 55.300 - Rp 79.000,Rp 79.000,30%,1,4.8
Glad2Glow,Brightening Lip Serum,Rp 44.250 - Rp 59.000,Rp 59.000,25%,4,4.8
Derma Angel,Acne Patch Mix,Rp 34.500 - Rp 46.000,Rp 46.000,25%,1,4.7
Derma Angel,Acne Patch Day,Rp 12.750 - Rp 24.750,Rp 17.000 - Rp 33.000,25%,2,4.7
Ariul,The Perfect Refresh Your Day! Lip and Eye Remover Pad,Rp 38.250 - Rp 45.000,Rp 45.000,15%,1,4.8
Ariul,The Perfect Refresh Your Day! Cleansing Tissue Plus,Rp 30.800 - Rp 82.500,Rp 41.067 - Rp 110.000,25%,2,4.8
COSRX,Advanced Snail 96 Mucin Power Essence,Rp 225.420 - Rp 289.000,Rp 289.000,22%,1,4.6
d'Alba,White Truffle First Spray Serum,Rp 176.000 - Rp 442.000,Rp 320.000 - Rp 803.636,45%,3,4.8
COSRX,Advanced Snail 92 All in One Cream,Rp 246.750 - Rp 329.000,Rp 329.000,25%,1,4.6
Cetaphil,Gentle Skin Cleanser,Rp 47.515 - Rp 343.740,Rp 55.900 - Rp 404.400,15%,3,4.4
Pure Paw Paw,Ointment - Mini Size,Rp 38.430 - Rp 54.900,Rp 54.900,30%,1,4.9
Derma Angel,Acne Patch Plus with Salicylic Acid Day 12,Rp 29.250 - Rp 39.000,Rp 39.000,25%,1,4.8
Derma Angel,Acne Patch Night,Rp 18.000 - Rp 34.000,Rp 24.000 - Rp 45.333,25%,2,4.7
COSRX,AHA/BHA Clarifying Treatment Toner,Rp 200.000 - Rp 278.000,Rp 307.692 - Rp 427.692,35%,2,4.5
COSRX,Oil Free Ultra Moisturizing Lotion (with Birch Sap),Rp 224.925 - Rp 299.900,Rp 299.900,25%,1,4.7
Keana Nadeshiko,KEANA Rice Mask,Rp 129.000 - Rp 299.000,Rp 129.000 - Rp 299.000,0%,2,4.8
Carasun,Solar Smart UV Light Sunscreen SPF50+ PA++++,Rp 33.150 - Rp 39.000,Rp 39.000,15%,1,4.8
I'm From,Rice Toner,Rp 131.120 - Rp 377.100,Rp 149.000 - Rp 428.523,12%,2,4.7
Skin1004,SKIN1004 Madagascar Centella Light Cleansing Oil,Rp 58.740 - Rp 106.930,Rp 345.529 - Rp 629.000,83%,2,4.7
Skin1004,SKIN1004 Madagascar Centella Tone Brightening Capsule Ampoule,Rp 60.500 - Rp 163.300,Rp 355.882 - Rp 960.588,83%,3,4.7
Skin1004,SKIN1004 Madagascar Centella Watergel Sheet Ampoule Mask 5ea,Rp 66.300 - Rp 510.000,Rp 510.000,87%,1,4.8
Glad2Glow,Cherry Blossom Betaine Micellar Water,Rp 29.000 - Rp 36.750,Rp 38.667 - Rp 49.000,25%,2,4.9
Skintific,5X Ceramide Barrier Moisture Gel,Rp 97.500 - Rp 209.500,Rp 195.000 - Rp 419.000,50%,3,4.7
Skin1004,SKIN1004 Madagascar Centella Hyalu-Cica Water-Fit Sun Serum,Rp 44.000 - Rp 233.280,Rp 125.714 - Rp 666.514,65%,3,4.8
Glad2Glow,Pomegranate Niacinamide Brightening Moisturizer,Rp 45.000 - Rp 99.000,Rp 45.000 - Rp 99.000,0%,3,4.8
Skintific,Radiance Booster Serum Spray,Rp 55.500 - Rp 90.500,Rp 111.000 - Rp 181.000,50%,2,4.8
Skin1004,SKIN1004 Madagascar Centella Ampoule,Rp 53.400 - Rp 164.220,Rp 267.000 - Rp 821.100,80%,3,4.7
Mediheal,MEDIHEAL Collagen Nude Gel Mask,Rp 39.920 - Rp 49.900,Rp 49.900,20%,1,4.8
Derma Angel,Acne Patch Plus with Salicylic Acid Night 12,Rp 30.750 - Rp 41.000,Rp 41.000,25%,1,4.8
Mediheal,Pantenolips Lip Healssence (Lip Essence),Rp 49.410 - Rp 54.900,Rp 54.900,10%,1,4.8
COSRX,Aloe Soothing Sun Cream SPF 50+ PA+++,Rp 149.925 - Rp 199.900,Rp 199.900,25%,1,4.6
Mediheal,Mediheal Teatree Essential Mask Calming Moisture,Rp 31.500 - Rp 35.000,Rp 35.000,10%,1,4.9
Dear Me Beauty,Hypergloss Lip Balm,Rp 57.850 - Rp 89.000,Rp 89.000,35%,4,4.7
Azarine,Hydrashoothe Sunscreen Gel Spf45+++,Rp 52.000 - Rp 100.000,Rp 65.000 - Rp 125.000,20%,2,4.8
NPure,Cica Acne Care Complex Treatment Face  Essence Sheet Mask,Rp 16.900 - Rp 16.900,Rp 16.900,0%,1,4.8
Skintific,TXA Niacinamide Brightening Moisture Gel,Rp 30.500 - Rp 209.500,Rp 61.000 - Rp 419.000,50%,3,4.7
NPure,Acne Power Clear Micellar Water,Rp 29.500 - Rp 46.550,Rp 29.500 - Rp 46.550,0%,2,4.9
COSRX,The Niacinamide 15 Serum,Rp 202.300 - Rp 289.000,Rp 289.000,30%,1,4.7
Skintific,All Day Light Sunscreen Mist SPF 50 PA++++,Rp 55.500 - Rp 69.500,Rp 111.000 - Rp 139.000,50%,3,4.7
Carasun,Healthy Matte UV Protector SPF 50+ PA++++,Rp 79.200 - Rp 159.200,Rp 99.000 - Rp 199.000,20%,2,4.8
NPure,Centella Asiatica Acne Clear Hydrating & Calming Toner,Rp 25.000 - Rp 95.000,Rp 25.000 - Rp 95.000,0%,2,4.7
Skin1004,SKIN1004 Madagascar Centella Ampoule Foam,Rp 34.580 - Rp 99.960,Rp 247.000 - Rp 714.000,86%,2,4.8
NPure,Cica Acne Clear Pad,Rp 20.000 - Rp 94.050,Rp 20.000 - Rp 94.050,0%,2,4.8
Beauty of Joseon,Sunscreen : Rice + Probiotics,Rp 195.000 - Rp 250.000,Rp 250.000,22%,1,4.8
Derma Angel,Acne Beauty Patch Cute Paws - Colorful Mix Shaped (12pcs),Rp 32.250 - Rp 43.000,Rp 43.000,25%,1,4.8
Wonder Wipes,Wonder Cleanser Brightening Micellar Wipes,Rp 16.632 - Rp 29.665,Rp 19.567 - Rp 34.900,15%,2,4.9
Skintific,5X Ceramide Serum Sunscreen,Rp 30.500 - Rp 77.000,Rp 61.000 - Rp 154.000,50%,3,4.8
Mediheal,Derma Ampoule Mask I.P.I,Rp 31.500 - Rp 35.000,Rp 35.000,10%,1,4.7
Skin1004,SKIN1004 Madagascar Centella Soothing Cream,Rp 49.400 - Rp 127.500,Rp 247.000 - Rp 637.500,80%,2,4.8
Mediheal,BUY 3 GET 1 Teatree Essential Mask Calming Moisture Renewal,Rp 105.000 - Rp 105.000,Rp 105.000,0%,1,5.0
Skin1004,SKIN1004 Madagascar Centella Tone Brightening Capsule Cream,Rp 135.000 - Rp 450.000,Rp 450.000,70%,1,4.8
COSRX,Full Fit Propolis Synergy Toner,Rp 159.250 - Rp 245.000,Rp 245.000,35%,1,4.7
Mediheal,MEDIHEAL Teatree Nude Gel Mask,Rp 39.920 - Rp 49.900,Rp 49.900,20%,1,4.8
Embryolisse,Lait Creme Concentre,Rp 269.000 - Rp 419.000,Rp 269.000 - Rp 419.000,0%,2,4.8
Mediheal,Mediheal Vitamin C Essential Mask Clear Toning,Rp 31.500 - Rp 35.000,Rp 35.000,10%,1,4.8
Skin1004,SKIN1004 Madagascar Centella Toning Toner,Rp 49.400 - Rp 229.500,Rp 274.444 - Rp 1.275.000,82%,3,4.8
COSRX,The Peptide Collagen Lifting Glow Hydrogel Mask,Rp 80.750 - Rp 211.650,Rp 95.000 - Rp 249.000,15%,2,4.9
Biodance,BIO COLLAGEN-REAL DEEP MASK,Rp 53.550 - Rp 262.400,Rp 85.000 - Rp 416.508,37%,2,4.8
Mediheal,Derma Ampoule Mask E.G.T,Rp 31.500 - Rp 35.000,Rp 35.000,10%,2,4.8
Skintific,Symwhite 377 Dark Spot Moisture Gel,Rp 104.500 - Rp 209.000,Rp 209.000,50%,1,4.8
d'Alba,White Truffle First Aromatic Spray Serum,Rp 214.500 - Rp 442.000,Rp 390.000 - Rp 803.636,45%,2,4.8
Wonder Wipes,Wonder Cleanser Smooth Pore Micellar Wipes,Rp 17.955 - Rp 33.155,Rp 17.955 - Rp 33.155,0%,2,4.8
Breylee,Tea Tree Blackhead Mask (Step 1),Rp 60.000 - Rp 80.000,Rp 80.000,25%,1,4.7
Skintific,Brightening Lip Serum,Rp 81.500 - Rp 163.000,Rp 163.000,50%,3,4.7
Anessa,New Perfect Uv Sunscreen Skincare Milk,Rp 174.580 - Rp 408.770,Rp 203.000 - Rp 475.314,14%,2,4.8
Round Lab,Birch Juice Moisturizing Sunscreen SPF 50+ PA++++,Rp 209.300 - Rp 299.000,Rp 299.000,30%,1,4.9
Labore,Sensitive Skin Care BiomeRepair Barrier Revive Cream,Rp 210.000 - Rp 339.000,Rp 210.000 - Rp 339.000,0%,2,4.8
Skintific,Niacinamide Brightening Daily Mask,Rp 104.500 - Rp 209.000,Rp 209.000,50%,1,4.9
Wonder Wipes,Wonder Cleanser Age Defy Micellar Wipes,Rp 29.665 - Rp 34.900,Rp 34.900,15%,1,4.8
Innisfree,Dewy Tint Lip Balm,Rp 144.300 - Rp 222.000,Rp 222.000,35%,4,4.8
Beauty of Joseon,Sunscreen Aqua-fresh: Rice + B5,Rp 162.500 - Rp 250.000,Rp 250.000,35%,1,4.8
Carasun,CARASUN Solar Smart UV Protector,Rp 55.302 - Rp 116.070,Rp 75.756 - Rp 159.000,27%,2,4.7
Mediheal,Pantenolips Lip Healssence Coral (Lip Essence),Rp 46.665 - Rp 54.900,Rp 54.900,15%,1,4.8
Round Lab,Birch Juice Moisturizing Mask,Rp 27.300 - Rp 39.000,Rp 39.000,30%,1,4.8
Skintific,5X Ceramide Soothing Sheet Mask,Rp 19.500 - Rp 39.000,Rp 39.000,50%,1,4.8
Mediheal,Pantenolips Lip Scrub,Rp 46.665 - Rp 54.900,Rp 54.900,15%,1,4.8
Glad2Glow,Madagascar Centella Light Cleansing Oil,Rp 59.000 - Rp 99.000,Rp 59.000 - Rp 99.000,0%,2,4.7
Sungboon Editor,Sungboon Editor Deep Collagen Power Boosting Mask,Rp 35.100 - Rp 130.000,Rp 130.000,73%,1,4.9
COSRX,Centella Water Alcohol-Free Toner,Rp 150.500 - Rp 215.000,Rp 215.000,30%,1,4.6
Skintific,SymWhite377 Dark Spot Eraser Serum,Rp 104.500 - Rp 174.500,Rp 209.000 - Rp 349.000,50%,2,4.7
Labore,Sensitive Skin Care BiomeProtect Physical Sunscreen,Rp 177.000 - Rp 405.000,Rp 177.000 - Rp 405.000,0%,2,4.7
COSRX,The 6 Peptide Skin Booster Serum,Rp 281.600 - Rp 320.000,Rp 320.000,12%,1,4.8
Skin1004,SKIN1004 Madagascar Centella Tone Brightening Cleansing Gel Foam,Rp 118.250 - Rp 473.000,Rp 473.000,75%,1,4.8
Vaseline,Vaseline Lip Therapy Balm Stick,Rp 29.355 - Rp 30.900,Rp 30.900,0%,1,4.7
Mediheal,N.M.F Aquaring Nude Gel Mask,Rp 39.920 - Rp 49.900,Rp 49.900,20%,1,4.7
Glad2Glow,Centella Allantoin Soothing Gel Moisturizer,Rp 39.000 - Rp 69.000,Rp 39.000 - Rp 69.000,0%,3,4.8
Keana Nadeshiko,KEANA Tightening Mask,Rp 115.000 - Rp 115.000,Rp 115.000,0%,1,4.8
Vaseline,Lip  Jar,Rp 42.275 - Rp 44.500,Rp 44.500,0%,1,4.7
Skintific,Panthenol Gentle Gel Cleanser,Rp 41.500 - Rp 69.500,Rp 83.000 - Rp 139.000,50%,2,4.8
Innisfree,Green Tea Hydrating Amino Acid Cleansing Foam,Rp 101.400 - Rp 156.000,Rp 156.000,35%,2,4.8
Glad2Glow,Blueberry Ceramide Moisturizer,Rp 45.000 - Rp 99.000,Rp 45.000 - Rp 99.000,0%,2,4.8
Mediheal,BUY 3 GET 1 Derma Ampoule Mask I.P.I Renewal,Rp 105.000 - Rp 105.000,Rp 105.000,0%,1,4.9
Mediheal,Mediheal Rose Pdrn Essential Mask Healthy Glow,Rp 31.500 - Rp 35.000,Rp 35.000,10%,1,4.9
Studio Tropik,Flawless Priming Water,Rp 29.004 - Rp 71.429,Rp 44.622 - Rp 109.891,35%,2,4.7
Glad2Glow,Pomegranate 10% Niacinamide Power Bright Serum,Rp 39.000 - Rp 39.000,Rp 39.000,0%,1,4.8
Laneige,Lip Sleeping Mask EX Berry (Mini),Rp 129.200 - Rp 136.000,Rp 136.000,0%,1,4.8
Glad2Glow,Blueberry Ceramide Low Ph Gel Cleanser,Rp 39.000 - Rp 59.000,Rp 39.000 - Rp 59.000,0%,3,4.8
Skintific,Bright Fit Serum Sunscreen SPF50+ PA ++++,Rp 69.500 - Rp 97.500,Rp 139.000 - Rp 195.000,50%,2,4.8
Biodance,HYDRO CERA-NOL REAL DEEP MASK,Rp 56.950 - Rp 262.400,Rp 85.000 - Rp 391.642,33%,2,4.7
COSRX,Ultra-Light Invisible Sunscreen SPF 50 PA++++,Rp 211.650 - Rp 249.000,Rp 249.000,15%,1,4.8
Skin1004,SKIN1004 Madagascar Centella Tone Brightening Boosting Toner,Rp 106.560 - Rp 592.000,Rp 592.000,82%,1,4.8
NPure,Licorice Light Up Brightening Pad,Rp 19.000 - Rp 94.050,Rp 19.000 - Rp 94.050,0%,2,4.8
Becoming,B5 Hydrating Sheet Mask,Rp 12.000 - Rp 15.000,Rp 15.000,20%,1,4.9
Mediheal,Mediheal Derma Ampoule Mask H.P.A,Rp 31.500 - Rp 35.000,Rp 35.000,10%,1,4.9
Skintific,Mugwort Acne Clay Stick,Rp 62.500 - Rp 125.000,Rp 125.000,50%,1,4.7
Innisfree,Vitamin C Green Tea Enzyme Brightening Serum,Rp 62.000 - Rp 340.500,Rp 82.667 - Rp 454.000,25%,3,4.8
Skintific,5X Ceramide Low PH Cleanser,Rp 30.500 - Rp 69.500,Rp 61.000 - Rp 139.000,50%,3,4.7
Mediheal,Mediheal Aloe Vera Hydrogel (95%),Rp 39.500 - Rp 79.000,Rp 79.000,50%,1,4.6
Ariul,Ariul Expert Peptide Collagen Gel Mask,Rp 51.750 - Rp 69.000,Rp 69.000,25%,1,4.8
Bioderma,Bioderma Sensibio H2O Micellar Water,Rp 115.500 - Rp 318.500,Rp 165.000 - Rp 455.000,30%,3,4.6
Glad2Glow,Brightening Micellar Water,Rp 29.000 - Rp 49.000,Rp 29.000 - Rp 49.000,0%,2,4.9
Round Lab,Birch Juice Moisturizing Cleanser,Rp 139.300 - Rp 199.000,Rp 199.000,30%,1,4.8
Skintific,12% AHA BHA PHA LHA Peeling Solution,Rp 87.500 - Rp 175.000,Rp 175.000,50%,1,4.7
NPure,Noni Probiotics Cleanse Me Softly Gel Cleanser,Rp 35.000 - Rp 69.000,Rp 35.000 - Rp 69.000,0%,2,4.8
Mediheal,BUY 3 GET 1 Vitamin C Essential Mask Clear Toning Renewal,Rp 105.000 - Rp 105.000,Rp 105.000,0%,1,4.9
d'Alba,Waterfull Tone-Up Sun Cream,Rp 326.400 - Rp 480.000,Rp 480.000,32%,1,4.8
COSRX,[TWINPACK] COSRX Low pH Good Morning Gel Cleanser 150 ml,Rp 217.000 - Rp 310.000,Rp 310.000,30%New,1,
Wonder Wipes,Wonder Remover Eye & Lip Makeup Wipes,Rp 26.505 - Rp 27.900,Rp 27.900,0%,1,4.8
Skintific,10% Niacinamide Serum,Rp 97.500 - Rp 174.500,Rp 195.000 - Rp 349.000,50%,2,4.7
COSRX,Acne Pimple Master Patch,Rp 44.250 - Rp 59.000,Rp 59.000,25%,1,4.5
Round Lab,1025 Dokdo Cleanser,Rp 139.300 - Rp 199.000,Rp 199.000,30%,2,4.9
Vaseline,SPF50 Refreshing Daily Sunscreen Serum Perlindungan UVA UVB,Rp 97.120 - Rp 121.400,Rp 121.400,20%,1,4.8
Skintific,Matte Fit Serum Sunscreen SPF50+ PA++++,Rp 69.500 - Rp 97.500,Rp 139.000 - Rp 195.000,50%,2,4.8
Glad2Glow,Mugwort Salicylic Acid Acne Clear Micellar Water,Rp 29.000 - Rp 49.000,Rp 29.000 - Rp 49.000,0%,2,4.8
Sungboon Editor,Sungboon Editor Active Marine Astaxanthin Toning Serum Mask,Rp 16.800 - Rp 60.000,Rp 60.000,72%,1,4.8
Wardah,Glossicle Peptide Balm,Rp 69.700 - Rp 82.000,Rp 82.000,15%,4,4.7
Glad2Glow,Milk Amino Acids Gentle Cleanser,Rp 31.500 - Rp 42.000,Rp 42.000,25%,1,4.9
Skin Aqua,UV Whitening Milk,Rp 62.480 - Rp 71.000,Rp 71.000,12%,1,4.7
Skin1004,SKIN1004 Madagascar Centella Cream,Rp 61.750 - Rp 136.000,Rp 308.750 - Rp 680.000,80%,2,4.7
Studio Tropik,Balance Priming Water,Rp 29.004 - Rp 73.626,Rp 43.290 - Rp 109.890,33%,2,4.7
NPure,Power Gentle & Hydrate Micellar Water,Rp 29.500 - Rp 46.550,Rp 29.500 - Rp 46.550,0%,2,4.9
Skintific,5X-Ceramide Barrier Moisture Gel - Light Texture,Rp 97.500 - Rp 195.000,Rp 195.000,50%,1,4.8
Skin1004,SKIN1004 Madagascar Centella Air-Fit Suncream Light,Rp 133.000 - Rp 380.000,Rp 380.000,65%,1,4.7
Mediheal,Madecassoside Blemish Pad,Rp 288.150 - Rp 339.000,Rp 339.000,15%,1,4.8
Sungboon Editor,Sungboon Editor Deep Collagen Niacin-Vita C Brightening Mask,Rp 35.100 - Rp 130.000,Rp 130.000,73%,1,4.9
Vaseline,Vaseline Lip Care Rosy Tinted,Rp 34.912 - Rp 36.750,Rp 36.750,0%,1,4.7
COSRX,Salicylic Acid Daily Gentle Cleanser (Set of 2),Rp 217.000 - Rp 310.000,Rp 310.000,30%New,1,4.9
Sungboon Editor,Sungboon Editor Apple Peel Glow Skin Soothing Ampoule Mask,Rp 16.800 - Rp 60.000,Rp 60.000,72%,1,4.9
Laneige,Glaze Craze Tinted Lip Serum,Rp 244.000 - Rp 305.000,Rp 305.000,20%,3,4.9
Carasun,Gentle Barrier Physical Sunscreen 30ml,Rp 87.120 - Rp 99.000,Rp 99.000,12%,1,4.9
Nature Republic,Soothing & Moisture Aloe Vera 92% Soothing Gel,Rp 80.360 - Rp 98.000,Rp 98.000,18%,1,4.8
Derma Angel,Acne Care Intensive Gel,Rp 74.925 - Rp 99.900,Rp 99.900,25%,1,4.6
COSRX,COSRX Low pH Niacinamide Micellar Cleansing Water,Rp 77.350 - Rp 269.100,Rp 119.000 - Rp 414.000,35%,2,4.8
I'm From,Mugwort Essence,Rp 134.100 - Rp 491.970,Rp 149.000 - Rp 546.633,10%,2,4.7
Becoming,B5 Brightening Sheet Mask,Rp 12.000 - Rp 15.000,Rp 15.000,20%,1,4.9
Becoming,B5 Repairing Sheet Mask,Rp 12.000 - Rp 15.000,Rp 15.000,20%,1,4.8
Nivea,Lip Care,Rp 36.500 - Rp 36.500,Rp 36.500,0%,2,4.6
Skintific,Alaska Volcano Pore Clay Stick,Rp 62.500 - Rp 125.000,Rp 125.000,50%,1,4.8
Dear Me Beauty,Dear Me Beauty [REAL SPF Certified] Skin Barrier Physical Sunscreen SPF 50 PA++++,Rp 94.050 - Rp 99.000,Rp 99.000,0%,1,4.7
Sungboon Editor,Sungboon Editor Green Tomato Pore Lifting Ampoule Mask,Rp 16.800 - Rp 60.000,Rp 60.000,72%,1,4.8
Glad2Glow,Peach Retinol Moisturizer,Rp 49.000 - Rp 109.000,Rp 49.000 - Rp 109.000,0%,2,4.8
Skintific,Aqua Light Daily Sunscreen SPF 35 PA +++,Rp 55.500 - Rp 69.500,Rp 111.000 - Rp 139.000,50%,2,4.8
Derma Angel,Acne Beauty Patch Bear - Colorful Mix Shaped (12pcs),Rp 32.250 - Rp 43.000,Rp 43.000,25%,1,4.9
Skintific,5X Ceramide Soothing Toner,Rp 30.500 - Rp 81.500,Rp 61.000 - Rp 163.000,50%,2,4.7
Skin1004,SKIN1004 Madagascar Centella Poremizing Fresh Ampoule,Rp 157.080 - Rp 714.000,Rp 714.000,78%,1,4.7
Skintific,Retinol Skin Renewal Serum,Rp 97.500 - Rp 195.000,Rp 195.000,50%,1,4.8
Mediheal,BUY 3 GET 1 Rose PDRN Essential Mask Healthy Glow NEW SKU,Rp 105.000 - Rp 105.000,Rp 105.000,0%,1,5.0
I'm From,Rice Whip Facial Cleanser,Rp 89.100 - Rp 307.120,Rp 99.000 - Rp 341.244,10%,2,4.8
Glad2Glow,AHA BHA PHA Intensive Peeling Solution,Rp 49.000 - Rp 49.000,Rp 49.000,0%,1,4.7
Innisfree,Bija Trouble Facial Foam,Rp 92.300 - Rp 142.000,Rp 142.000,35%,1,4.7
COSRX,Advanced The Vitamin C 23 Serum,Rp 274.550 - Rp 289.000,Rp 289.000,0%,1,4.8
ETUDE,0.2 Air Mask,Rp 20.400 - Rp 24.000,Rp 24.000,15%,3,4.8
Becoming,B5 Nourishing Sheet Mask,Rp 12.000 - Rp 15.000,Rp 15.000,20%,1,4.9
Becoming,B3 Lumi-Nourish Sheet Mask,Rp 15.500 - Rp 25.000,Rp 25.000,38%,1,4.8
NPure,Cica Beat The Sun Matte,Rp 75.050 - Rp 79.000,Rp 79.000,0%,1,4.8
ILLIYOON,Ceramide Ato Concentrate Cream,Rp 109.650 - Rp 228.650,Rp 129.000 - Rp 269.000,15%,2,4.8
Ariul,Ariul Expert Niacinamide 5% Film Gel Mask,Rp 55.250 - Rp 65.000,Rp 65.000,15%,1,4.8
Mediheal,Centella Niacin Ampoule Mask,Rp 31.500 - Rp 35.000,Rp 35.000,10%,1,4.9
Sungboon Editor,Sungboon Editor Deep Collagen Cica Teatree Soothing Mask,Rp 35.100 - Rp 130.000,Rp 130.000,73%,1,4.8
Skintific,Peptide Brightening Lip Serum,Rp 77.000 - Rp 154.000,Rp 154.000,50%,1,4.8
Labore,Sensitive Skin Care GentleBiome Mild Cleanser,Rp 99.000 - Rp 165.000,Rp 99.000 - Rp 165.000,0%,2,4.8
NPure,Power Oil Infused Micellar Water,Rp 56.050 - Rp 59.000,Rp 59.000,0%,1,4.9
Mediheal,Mediheal Ceramide Essential Mask Moisture Barrier,Rp 31.500 - Rp 35.000,Rp 35.000,10%,1,4.9
Mediheal,Collagen Ampoule Pad,Rp 288.150 - Rp 339.000,Rp 339.000,15%,1,4.8
COSRX,Clear Fit Master Patch,Rp 37.170 - Rp 59.000,Rp 59.000,37%,1,4.6
NPure,Noni Probiotics Relax Me Biodegradable Sheet Mask,Rp 16.900 - Rp 16.900,Rp 16.900,0%,1,4.7
Becoming,B5 Restoring Sheet Mask,Rp 12.000 - Rp 15.000,Rp 15.000,20%,1,4.9
Glad2Glow,Centella Salicylic Acid Acne Gel Cleanser,Rp 39.000 - Rp 59.000,Rp 52.000 - Rp 78.667,25%,3,4.8
COSRX,Hyaluronic Acid Intensive Cream,Rp 188.370 - Rp 299.000,Rp 299.000,37%,1,4.6
Skin1004,SKIN1004 Madagascar Centella Watergel Sheet Ampoule Mask 1ea,Rp 28.000 - Rp 70.000,Rp 70.000,60%,1,4.7
Skintific,AHA BHA PHA Exfoliating Pads,Rp 104.500 - Rp 209.000,Rp 209.000,50%,1,4.8
I'm From,Mugwort Sheet Mask,Rp 55.707 - Rp 59.900,Rp 59.900,0%,1,4.7
Glad2Glow,Pomegranate Niacinamide Brightening Clay Stick,Rp 45.000 - Rp 45.000,Rp 45.000,0%,1,4.7
Skin1004,SKIN1004 Madagascar Centella Hyalu-Cica Moisture Cream,Rp 136.000 - Rp 680.000,Rp 680.000,80%,1,4.7
Derma Angel,Acne Beauty Patch Kitties - Colorful Mix Shaped (12pcs),Rp 34.400 - Rp 43.000,Rp 43.000,20%,1,4.8
COSRX,The Alpha-Arbutin Discoloration Care Hydrogel Mask,Rp 80.750 - Rp 219.120,Rp 91.761 - Rp 249.000,12%,2,5.0
Eileen Grace,Moisturize Rose Jelly Mask,Rp 369.000 - Rp 399.000,Rp 399.000,0%,1,4.8
Innisfree,Innisfree Buy 2 Get 1 Rose Energy Mask,Rp 50.250 - Rp 75.000,Rp 75.000,33%,1,4.9
Skintific,Niacinamide Brightening Essence Toner,Rp 81.500 - Rp 163.000,Rp 163.000,50%,1,4.8
Innisfree,Volcanic Pore BHA Cleansing Foam,Rp 98.150 - Rp 151.000,Rp 151.000,35%,2,4.8
COSRX,AC Collection Calming Foam Cleanser,Rp 161.250 - Rp 215.000,Rp 215.000,25%,1,4.7
NPure,Licorice Face Essence Sheet Mask,Rp 16.055 - Rp 16.900,Rp 16.900,0%,1,4.8
Becoming,B3 Lumi-Hydra Sheet Mask,Rp 15.500 - Rp 25.000,Rp 25.000,38%,1,4.9
Mediheal,BUY 3 GET 1 Derma Ampoule Mask H.P.A Renewal,Rp 105.000 - Rp 105.000,Rp 105.000,0%,1,4.8
Becoming,B3 Lumi-Clear Sheet Mask,Rp 15.500 - Rp 25.000,Rp 25.000,38%,1,4.9
Ariul,Smooth & Pure Daily Pick Aqua Toning Mask,Rp 17.010 - Rp 18.900,Rp 18.900,10%,1,4.8
From This Island,Illipe Plumping Lip Butter,Rp 89.400 - Rp 149.000,Rp 149.000,40%,4,4.7
Round Lab,1025 Dokdo Toner,Rp 139.300 - Rp 174.300,Rp 199.000 - Rp 249.000,30%,2,4.6
Azarine,Calm My Acne Sunscreen Moisturiser SPF 35 PA+++,Rp 33.150 - Rp 39.000,Rp 39.000,15%,1,4.7
Beauty of Joseon,Centella Asiatica Calming Mask,Rp 27.300 - Rp 35.000,Rp 35.000,22%,1,4.7
Glad2Glow,Pomegranate Niacinamide Brightening Toner,Rp 45.000 - Rp 45.000,Rp 45.000,0%,1,4.8
I'm From,Rice Cream,Rp 395.120 - Rp 449.000,Rp 449.000,12%,1,4.6
Skintific,PDRN Bright & Smooth Moisture Gel,Rp 104.500 - Rp 209.000,Rp 209.000,50%,1,4.9
Anessa,Perfect UV Sunscreen Mild Milk,Rp 473.575 - Rp 498.500,Rp 498.500,0%,1,4.8
Skintific,5X Ceramide Barrier Repair Serum,Rp 90.500 - Rp 174.500,Rp 181.000 - Rp 349.000,50%,2,4.7
Finally Found You!,HYD-RICE-ING & BRIGHTENING ESSENCE BOOSTER,Rp 159.030 - Rp 171.000,Rp 171.000,0%,1,4.8
Glad2Glow,Tremella Panthenol Sensitive Care Micellar Water,Rp 29.000 - Rp 49.000,Rp 38.667 - Rp 65.333,25%,2,4.8
NPure,Cica Beat The Sun Glow,Rp 75.050 - Rp 79.000,Rp 79.000,0%,1,4.8
Holika Holika,Pure Essence Mask Sheet,Rp 15.400 - Rp 19.600,Rp 22.000 - Rp 28.000,30%,3,4.6
Nature Republic,Real Nature Mask Sheet,Rp 18.000 - Rp 18.000,Rp 18.000,0%,3,4.8
Anessa,Perfect UV Sunscreen Skincare Gel,Rp 240.000 - Rp 407.000,Rp 240.000 - Rp 407.000,0%,2,4.8
COSRX,Advanced Snail Mucin Glass Glow Hydrogel Mask Box (3 pcs),Rp 231.570 - Rp 249.000,Rp 249.000,0%,1,4.8
Anua,Niacinamide 10% + TXA 3% Serum,Rp 147.420 - Rp 260.100,Rp 378.000 - Rp 666.923,61%,2,4.7
Hada Labo,Shirojyun Ultimate Whitening Face Wash,Rp 27.720 - Rp 44.000,Rp 31.500 - Rp 50.000,12%,2,4.4
Innisfree,Squeeze Energy Mask Rose,Rp 16.250 - Rp 25.000,Rp 25.000,35%,1,4.8
Round Lab,Birch Juice Moisturizing Tone-Up Sunscreen,Rp 209.300 - Rp 299.000,Rp 299.000,30%,1,4.8
Skintific,10% Pure Vitamin C Brightening Serum,Rp 104.500 - Rp 209.000,Rp 209.000,50%,1,4.8
Azarine,Hydramax-C Sunscreen Serum,Rp 53.300 - Rp 65.000,Rp 65.000,18%,1,4.7
Mediheal,Teatree Trouble Pad,Rp 288.150 - Rp 339.000,Rp 339.000,15%,2,4.8
Glad2Glow,Mugwort Salicylic Acid Acne Clay Stick,Rp 45.000 - Rp 45.000,Rp 45.000,0%,1,4.8
Skintific,Retinol Skin Renewal Moisturizer,Rp 104.500 - Rp 209.000,Rp 209.000,50%,1,4.8
Pyunkang Yul,Essence Toner,Rp 52.800 - Rp 204.600,Rp 80.000 - Rp 310.000,34%,3,4.7
COSRX,The Alpha-Arbutin 2 Discoloration Care Serum,Rp 439.120 - Rp 499.000,Rp 499.000,12%,1,4.8
Erha,ERHA Acneact Acne Spot Gel,Rp 58.435 - Rp 89.900,Rp 89.900,35%,1,4.6
Nivea,NIVEA Pearl Bright MicellAir,Rp 41.000 - Rp 104.200,Rp 41.000 - Rp 104.200,0%,3,4.7
Becoming,B3 Lumi-Rescue Sheet Mask,Rp 15.500 - Rp 25.000,Rp 25.000,38%,1,4.8
Derma Angel,Salicylic Acid Acne Clay Stick,Rp 41.360 - Rp 47.000,Rp 47.000,12%,1,4.9
Skintific,360 Crystal Massager Lifting Eye Cream,Rp 118.500 - Rp 237.000,Rp 237.000,50%,1,4.7
Mediheal,Vitamide Brightening Pad,Rp 288.150 - Rp 339.000,Rp 339.000,15%,2,4.7
Beauty of Joseon,Revive Eye Cream: Ginseng + Retinal,Rp 202.800 - Rp 260.000,Rp 260.000,22%,1,4.7
Becoming,B3 Lumi-Firm Sheet Mask,Rp 15.500 - Rp 25.000,Rp 25.000,38%,1,4.9
Skin1004,SKIN1004 Madagascar Centella Poremizing Deep Cleansing Foam,Rp 96.000 - Rp 320.000,Rp 320.000,70%,1,4.7
Glad2Glow,Brightening Day Cream,Rp 49.000 - Rp 49.000,Rp 49.000,0%,1,4.8
Innisfree,Special Care Mask Foot,Rp 28.600 - Rp 44.000,Rp 44.000,35%,1,4.7
Skintific,5% Panthenol Acne Calming Water Gel,Rp 97.500 - Rp 153.500,Rp 195.000 - Rp 307.000,50%,2,4.8
Round Lab,Birch Juice Moisturizing Cream,Rp 279.300 - Rp 399.000,Rp 399.000,30%,1,4.7
Innisfree,Innisfree Buy 2 Get 1 Yuzu Energy Mask,Rp 50.250 - Rp 75.000,Rp 75.000,33%,1,5.0
Avoskin,YSB Serum Vitamin C 3% + Niacinamide 2% + Mandarin Orange Fruit Extract,Rp 148.750 - Rp 175.000,Rp 175.000,15%,1,4.6
Wardah,UV Shield Tone Up Sunscreen SPF 50+ PA+++ 30mL,Rp 63.200 - Rp 79.000,Rp 79.000,20%,1,4.8
Skintific,3X Acid Acne Gel Cleanser,Rp 69.500 - Rp 139.000,Rp 139.000,50%,1,4.9
Skintific,2% Salicylic Acid Anti Acne Serum,Rp 97.500 - Rp 195.000,Rp 195.000,50%,1,4.7
Klavuu,Enriched Divine Pearl Cream,Rp 809.100 - Rp 899.000,Rp 899.000,10%,1,4.7
Mediheal,BUY 3 GET 1 Derma Ampoule Mask E.G.T Renewal,Rp 105.000 - Rp 105.000,Rp 105.000,0%,1,4.9
Skin1004,SKIN1004  Madagascar Centella Poremizing Light Gel Cream,Rp 96.600 - Rp 460.000,Rp 460.000,79%,1,4.7
Anessa,Brightening Uv Sunscreen Gel,Rp 240.000 - Rp 407.000,Rp 240.000 - Rp 407.000,0%,2,4.7
Labore,Sensitive Skin Care GentleBiome Skin Nutrition Gel,Rp 179.000 - Rp 179.000,Rp 179.000,0%,1,4.8
Glad2Glow,Peach Retinol Serum,Rp 29.250 - Rp 39.000,Rp 39.000,25%,1,4.8
Innisfree,Innisfree Buy 2 Get 1 Aloe Energy Mask,Rp 50.250 - Rp 75.000,Rp 75.000,33%,1,4.9
Glad2Glow,Volcano 3D Acid Pore Clay Stick,Rp 45.000 - Rp 45.000,Rp 45.000,0%,1,4.8
Laneige,Lip Sleeping Mask EX Berry,Rp 263.500 - Rp 310.000,Rp 310.000,15%,1,4.8
Derma Angel,Acne Beauty Patch Hologram - Moon & Cloud,Rp 19.350 - Rp 43.000,Rp 43.000,55%,1,4.8
Skintific,3X Acid Anti-Acne Gel Moisturizer,Rp 97.500 - Rp 195.000,Rp 195.000,50%,1,4.8
Skintific,Niacinamide Bright Boost Clay Stick,Rp 62.500 - Rp 125.000,Rp 125.000,50%,1,4.7
Studio Tropik,Original Priming Water,Rp 30.303 - Rp 73.626,Rp 45.228 - Rp 109.890,33%,2,4.7
COSRX,5 PDRN Hyaluronic Acid Vital Hydrating Hydrogel Mask,Rp 76.500 - Rp 224.100,Rp 85.000 - Rp 249.000,10%New,2,4.9
Innisfree,Vitamin C Tone Up Sunscreen,Rp 208.000 - Rp 320.000,Rp 320.000,35%,1,4.8
Klavuu,Special Divine Pearl Serum,Rp 764.100 - Rp 849.000,Rp 849.000,10%,1,4.7
Derma Angel,DermaAngel Acne Beauty Patch Tweety Limited Edition - Pink,Rp 46.020 - Rp 59.000,Rp 59.000,22%,1,4.9
I'm From,Rice Serum,Rp 412.720 - Rp 469.000,Rp 469.000,12%,1,4.7
Ariul,Smooth & Pure Daily Pick Essential Calming Mask,Rp 17.010 - Rp 18.900,Rp 18.900,10%,1,4.8
COSRX,AC Collection Acne Patch,Rp 69.300 - Rp 99.000,Rp 99.000,30%,1,4.7
Skintific,Centella Deep Cleansing Oil,Rp 81.500 - Rp 163.000,Rp 163.000,50%,1,4.7
Glad2Glow,Double Bright Day Cream,Rp 79.000 - Rp 79.000,Rp 79.000,0%,1,4.8
Glad2Glow,Niacinamide Facial Wash,Rp 39.000 - Rp 39.000,Rp 39.000,0%,1,4.8
Emina,Lip Mask,Rp 46.000 - Rp 46.000,Rp 46.000,0%,1,4.7
Make P:rem,Safe me. Relief Moisture Mask 15,Rp 37.905 - Rp 39.900,Rp 39.900,0%,1,4.7
Skintific,Niacinamide Brightening Micellar Water,Rp 55.500 - Rp 111.000,Rp 111.000,50%,1,4.9
COSRX,The Peptide Collagen Hydrogel Eye Patch,Rp 359.100 - Rp 399.000,Rp 399.000,10%,1,4.8
I'm From,Mugwort Gel Cleanser,Rp 84.150 - Rp 289.670,Rp 101.386 - Rp 349.000,17%,2,4.7
Innisfree,Squeeze energy Mask Yuzu,Rp 16.250 - Rp 25.000,Rp 25.000,35%,1,4.8
Missha,Airy Fit Sheet Mask Pearl,Rp 16.280 - Rp 37.000,Rp 37.000,56%,1,4.7
Mediheal,Retinol Collagen Lifting Pad,Rp 179.500 - Rp 359.000,Rp 359.000,50%,1,4.8
Labore,Sensitive Skin Care BiomeProtect™ Acne & Oil Correct Physical Sunscreen SPF50+ PA++++,Rp 65.000 - Rp 185.000,Rp 65.000 - Rp 185.000,0%,2,4.7
ESQA,Glow Pop Serum Lip Balm,Rp 115.000 - Rp 125.000,Rp 125.000,0%,4,4.7
Holika Holika,Pig-nose Clear Black Head 3-Step Kit - Strong,Rp 35.200 - Rp 44.000,Rp 44.000,20%,1,4.5
Glad2Glow,Kiwi 3D Acid Acne Moisturizer,Rp 45.000 - Rp 99.000,Rp 45.000 - Rp 99.000,0%,2,4.8
Glad2Glow,Yuja Symwhite 377 Dark Spot Moisturizer,Rp 49.000 - Rp 109.000,Rp 49.000 - Rp 109.000,0%,2,4.8
NPure,Centella Asiatica Barrier Moisturizer,Rp 100.000 - Rp 100.000,Rp 100.000,0%,1,4.8
I'm From,Mugwort Cream,Rp 372.670 - Rp 449.000,Rp 449.000,17%,1,4.7
Azarine,Cicamide Barrier Sunscreen Moisturiser SPF 35 PA+++,Rp 31.980 - Rp 39.000,Rp 39.000,18%,1,4.7
Innisfree,Apple Seed Lip & Eye Make Up Remover,Rp 120.000 - Rp 120.000,Rp 120.000,0%,2,4.7
Wardah,WARDAH UV Shield Airy Smooth Sunscreen Serum SPF 50 PA++++,Rp 49.600 - Rp 62.000,Rp 62.000,20%,1,4.8
Innisfree,Innisfree Buy 2 Get 1 Green Tee Energy Mask,Rp 50.250 - Rp 75.000,Rp 75.000,33%,1,5.0
Carasun,BUNDLE 3 Pcs Solar Smart UV Light Sunscreen,Rp 93.600 - Rp 117.000,Rp 117.000,20%,1,5.0
Innisfree,Jeju Cherry Blossom Skin Fit Tone Up Cream SPF 50+ PA++++ 50ml,Rp 232.700 - Rp 358.000,Rp 358.000,35%,1,4.7
Skin1004,SKIN1004  Madagascar Centella Poremizing Quick Clay Stick Mask,Rp 100.000 - Rp 500.000,Rp 500.000,80%,1,4.7
Innisfree,Squeeze Energy Mask Aloe,Rp 16.250 - Rp 25.000,Rp 25.000,35%,1,4.8
Skintific,5X Ceramide Barrier Micellar Water,Rp 55.500 - Rp 111.000,Rp 111.000,50%,1,4.9
Becoming,Green Tea Purifying Sheet Mask,Rp 13.450 - Rp 26.900,Rp 26.900,50%,1,4.8
Sungboon Editor,Sungboon Editor Green Tomato Pore Lifting Ampoule,Rp 83.700 - Rp 148.000,Rp 418.500 - Rp 740.000,80%,2,4.8
Senka,Senka - Perfect Whip U,Rp 36.000 - Rp 67.500,Rp 36.000 - Rp 67.500,0%,2,4.6
Gemistry,2in1 Double Cleanser Micellar Gel + Face Wash,Rp 101.320 - Rp 149.000,Rp 149.000,32%,1,4.9
COSRX,Centella Blemish Cream,Rp 233.220 - Rp 299.000,Rp 299.000,22%,1,4.3
Skintific,3X Acid Intensive Acne Spot,Rp 69.500 - Rp 139.000,Rp 139.000,50%,1,4.7
Skintific,Niacinamide Brightening Cleanser,Rp 41.500 - Rp 69.500,Rp 83.000 - Rp 139.000,50%,2,4.9
NPure,Acne Clear Patch,Rp 30.400 - Rp 32.000,Rp 32.000,0%,1,4.8
Derma Angel,Acne Care Post-Acne Spot Lightening Serum,Rp 74.250 - Rp 99.000,Rp 99.000,25%,1,4.7
COSRX,The Retinol 0.5 Oil,Rp 365.200 - Rp 415.000,Rp 415.000,12%,1,4.7
COSRX,Full Fit Propolis Light Cream,Rp 389.220 - Rp 499.000,Rp 499.000,22%,1,4.6
COSRX,Hero Booster Kit,Rp 475.020 - Rp 609.000,Rp 609.000,22%New,1,
Finally Found You!,SOY BRIGHT! MOISTURIZER,Rp 138.570 - Rp 149.000,Rp 149.000,0%,1,4.8
Skintific,Ultra Light Serum Sunscreen,Rp 69.500 - Rp 139.000,Rp 139.000,50%,1,4.7
Skintific,Damask Rose Brightening Whipped Cream Cleanser,Rp 48.500 - Rp 97.000,Rp 97.000,50%New,1,4.8
Anessa,New Perfect Uv Sunscreen Skincare Spray 60gr,Rp 305.000 - Rp 305.000,Rp 305.000,0%,1,4.7
Erha,AcneAct Acne Cleansing Scrub Beta Plus (ACSBP),Rp 97.500 - Rp 130.000,Rp 130.000,25%,1,4.7
Skin1004,SKIN1004 Madagascar Centella Poremizing Velvet Finish Sunscreen,Rp 123.750 - Rp 412.500,Rp 412.500,70%,1,4.8
Laneige,Water Sleeping Mask,Rp 84.000 - Rp 423.000,Rp 105.000 - Rp 528.750,20%,3,4.8
Vaseline,Vaseline Lip Care color+care 3gr Tinted Lip Balm,Rp 58.425 - Rp 61.500,Rp 61.500,0%,3,4.8
Mediheal,Phyto-Enzyme Peeling Pad,Rp 305.150 - Rp 359.000,Rp 359.000,15%,2,4.8
Laneige,Laneige Bouncy & Firm Sleeping Mask,Rp 212.000 - Rp 450.500,Rp 265.000 - Rp 563.125,20%,2,4.9
Anua,Rice 70 Glow Milky Toner,Rp 68.700 - Rp 246.950,Rp 124.909 - Rp 449.000,45%,2,4.7
Innisfree,Apple Seed Cleansing Oil 150ML,Rp 166.400 - Rp 256.000,Rp 256.000,35%,1,4.6
Missha,Airy Fit Sheet Mask Pomegranate,Rp 16.280 - Rp 37.000,Rp 37.000,56%,1,4.6
Mediheal,Watermide Moisture Pad,Rp 271.200 - Rp 339.000,Rp 339.000,20%,2,4.8
Glad2Glow,Mugwort Acne Gel Mask,Rp 39.000 - Rp 39.000,Rp 39.000,0%,1,4.9
Ariul,Smooth & Pure Deep Clean Cleansing Foam,Rp 43.070 - Rp 59.000,Rp 59.000,27%,1,4.8
Derma Angel,Set of 5 Acne Patch Plus Day 12,Rp 135.000 - Rp 195.000,Rp 195.000,0%,1,5.0
NPure,Centella Asiatica Acne Clear Foam Face Wash,Rp 90.000 - Rp 90.000,Rp 90.000,0%,1,4.8
Skin1004,SKIN1004 Madagascar Centella Hyalu-Cica Brightening Toner,Rp 45.030 - Rp 109.820,Rp 264.882 - Rp 646.000,83%,2,4.7
Glad2Glow,Yuja Symwhite 377 Dark Spot Serum,Rp 39.000 - Rp 39.000,Rp 39.000,0%,1,4.8
Innisfree,Innisfree Buy 2 Get 1 Pome Energy Mask,Rp 50.250 - Rp 75.000,Rp 75.000,33%,1,4.8
Biore,Biore UV Aqua Rich Watery Essence SPF 50+/PA+++,Rp 75.000 - Rp 100.000,Rp 100.000,25%,1,4.5
Derma Angel,Acne Patch Plus Flex Fit,Rp 38.220 - Rp 49.000,Rp 49.000,22%,1,4.9
Missha,Airy Fit Sheet Mask Honey,Rp 16.280 - Rp 37.000,Rp 37.000,56%,1,4.6
Skintific,377 Dark Spot Essence Toner,Rp 81.500 - Rp 163.000,Rp 163.000,50%,1,4.8
Klavuu,Phytoncide Peeling Gel,Rp 256.500 - Rp 285.000,Rp 285.000,10%,1,4.7
d'Alba,White Truffle Double Cream,Rp 714.000 - Rp 1.050.000,Rp 1.050.000,32%,1,4.8
ILLIYOON,Ceramide Ato Lotion,Rp 220.150 - Rp 259.000,Rp 259.000,15%,1,4.8
Innisfree,Special Care Mask Hand,Rp 28.600 - Rp 44.000,Rp 44.000,35%,1,4.7
Mediheal,Set of 5 IPI Brightening Ampoule Mask (Brightening),Rp 148.750 - Rp 175.000,Rp 175.000,15%,1,
Innisfree,Squeeze Energy Mask Green Tea,Rp 16.250 - Rp 25.000,Rp 25.000,35%,1,4.8
Missha,Airy Fit Sheet Mask Aloe,Rp 16.280 - Rp 37.000,Rp 37.000,56%,1,4.6
Jacquelle Beaute,Pop Balm - Quby Edition,Rp 59.175 - Rp 78.900,Rp 78.900,25%,3,4.8
I'm From,Mugwort Mask Miniature,Rp 131.120 - Rp 149.000,Rp 149.000,12%,1,4.6
Skin1004,SKIN1004 Madagascar Centella Poremizing Clear Toner,Rp 109.820 - Rp 578.000,Rp 578.000,81%,1,4.7
Avoskin,Miraculous Retinol Ampoule,Rp 261.800 - Rp 308.000,Rp 308.000,15%,1,4.7
Innisfree,Green Tea Ceramide Milk,Rp 180.000 - Rp 300.000,Rp 300.000,40%,1,4.9
Ariul,Ariul Smooth & Pure Micellar Water,Rp 35.770 - Rp 49.000,Rp 49.000,27%,1,4.7
COSRX,Advanced Snail Peptide Eye Cream,Rp 344.450 - Rp 415.000,Rp 415.000,17%,1,4.5
Nivea,NIVEA MicellAir Oil & Acne Care,Rp 41.000 - Rp 104.200,Rp 41.000 - Rp 104.200,0%,2,4.8
Glad2Glow,Centella 2% Salicylic Acid Power Acne Serum,Rp 29.250 - Rp 39.000,Rp 39.000,25%,1,4.8
Beauty of Joseon,Dynasty Cream,Rp 265.200 - Rp 340.000,Rp 340.000,22%,1,4.6
Innisfree,Squeeze Energy Mask Pomegranate,Rp 16.250 - Rp 25.000,Rp 25.000,35%,1,4.7
Round Lab,Pine Calming Cica Cleanser,Rp 139.300 - Rp 199.000,Rp 199.000,30%,1,4.8
Derma Angel,Niacinamide Brightening Clay Stick,Rp 41.360 - Rp 47.000,Rp 47.000,12%,1,4.9
Dear Klairs,Midnight Blue Calming Sheet Mask,Rp 28.325 - Rp 51.500,Rp 51.500,45%,1,4.7
Derma Angel,Charcoal Pore Clear Clay Stick,Rp 41.360 - Rp 47.000,Rp 47.000,12%,1,4.9
COSRX,Galactomyces 95 Tone Balancing Essence,Rp 188.370 - Rp 299.000,Rp 299.000,37%,1,4.6
Sungboon Editor,Sungboon Editor Meoru Podo Vita C Dark Spot Ampoule,Rp 82.800 - Rp 230.000,Rp 230.000,64%,1,4.8
Skintific,Pure Centella Acne Calming Toner,Rp 81.500 - Rp 163.000,Rp 163.000,50%,1,4.8
Innisfree,Innisfree Hyaluronic Moist Sunscreen SPF50+ PA++++ 50ml,Rp 199.550 - Rp 307.000,Rp 307.000,35%,1,4.8
Derma Angel,DermaAngel Acne Beauty Patch Tweety Limited Edition - Blue,Rp 46.020 - Rp 59.000,Rp 59.000,22%,1,5.0
Mediheal,Set of 5 Teatree Essential Mask (Acne Care),Rp 148.750 - Rp 175.000,Rp 175.000,15%,1,
COSRX,Advanced Snail Mucin Gel Cleanser,Rp 226.200 - Rp 290.000,Rp 290.000,22%,1,4.7
Missha,Airy Fit Sheet Mask Lemon,Rp 16.280 - Rp 37.000,Rp 37.000,56%,1,4.7
For Skins Sake,Glycolic Acid Gel 10% with Tranexamic Acid,Rp 154.800 - Rp 215.000,Rp 215.000,28%,1,4.8
Skin1004,SKIN1004 Madagascar Centella Niacinamide 10 Boosting Shot Ampoule,Rp 137.500 - Rp 550.000,Rp 550.000,75%,1,4.9
d'Alba,Waterfull Essence Sun Cream,Rp 326.400 - Rp 480.000,Rp 480.000,32%,1,4.8
Cetaphil,Daily Exfoliating Cleanser,Rp 102.765 - Rp 120.900,Rp 120.900,15%,1,4.7
HEIMISH,All Clean Balm,Rp 234.300 - Rp 330.000,Rp 330.000,29%,1,4.7
Skin Aqua,UV Moisture Milk,Rp 62.480 - Rp 71.000,Rp 71.000,12%,1,4.5
Erha,Lashbooster Multi-Peptide Lash & Brow Serum,Rp 90.000 - Rp 120.000,Rp 120.000,25%,1,4.5
COSRX,The Hyaluronic Acid 3 Serum,Rp 202.300 - Rp 289.000,Rp 289.000,30%,1,4.7
Innisfree,Green Tea Ceramide Cream,Rp 219.000 - Rp 365.000,Rp 365.000,40%,1,4.9
Skin1004,SKIN1004 Madagascar Centella Travel Kit 5 Types (box ver.),Rp 230.690 - Rp 1.003.000,Rp 1.003.000,77%,1,4.8
COSRX,The Ceramide Skin Barrier Moisturizer,Rp 379.050 - Rp 399.000,Rp 399.000,0%,1,4.8
Finally Found You!,OCEAN BLUE PEA DUAL-PHASE ESSENCE MIST,Rp 148.800 - Rp 160.000,Rp 160.000,0%,1,4.7
Round Lab,Vita Niacinamide Dark Spot Serum Mask,Rp 27.300 - Rp 39.000,Rp 39.000,30%,1,4.8
Glad2Glow,White Truffle Radiance Glow Serum Spray,Rp 59.250 - Rp 79.000,Rp 79.000,25%New,1,4.9
Innisfree,Intensive Long Lasting Sunscreen SPF50+ PA++++,Rp 173.550 - Rp 267.000,Rp 267.000,35%,1,4.7
d'Alba,White Truffle Double Layer Revitalizing Serum,Rp 557.600 - Rp 820.000,Rp 820.000,32%,1,4.8
Laneige,Lip Glowy Balm,Rp 213.150 - Rp 245.000,Rp 245.000,13%,3,4.8
Mediheal,BUY 3 GET 1 Ceramide Essential Mask Moisture Barrier NEW SKU,Rp 105.000 - Rp 105.000,Rp 105.000,0%,1,4.5
Vaseline,Vaseline Lip Care Original,Rp 34.912 - Rp 36.750,Rp 36.750,0%,1,4.7
Glad2Glow,Perfect Vita C Bright Glow Micellar Water,Rp 49.000 - Rp 49.000,Rp 49.000,0%,1,4.9
Laneige,Water Bank Blue Hyaluronic Moisture Cream,Rp 552.500 - Rp 650.000,Rp 650.000,15%,1,4.9
COSRX,Advanced Snail Hydrogel Eye Patch,Rp 259.350 - Rp 399.000,Rp 399.000,35%,1,4.6
I'm From,Rice Mask Miniature,Rp 131.120 - Rp 149.000,Rp 149.000,12%,1,4.7
Skintific,Vitamin C Brightening Boost Moisturizer,Rp 97.500 - Rp 195.000,Rp 195.000,50%New,1,4.7
Round Lab,Birch Juice Moisturizing Soothing Gel,Rp 139.300 - Rp 199.000,Rp 199.000,30%,1,4.9
Keana Nadeshiko,KEANA Baking Soda Nose Cream Pack,Rp 199.000 - Rp 199.000,Rp 199.000,0%,1,4.3
Round Lab,Birch Juice Mild-Up Sunscreen,Rp 209.300 - Rp 299.000,Rp 299.000,30%,1,4.8
Skin1004,SKIN1004 Madagascar Centella Retinol 0.2 Boosting Shot Ampoule,Rp 155.000 - Rp 620.000,Rp 620.000,75%,1,4.6
Laneige,Radian-C Cream,Rp 441.000 - Rp 490.000,Rp 490.000,10%,1,4.8
Innisfree,Green Tea Seed Hyaluronic Cream,Rp 233.400 - Rp 389.000,Rp 389.000,40%,1,4.7
Innisfree,Oatmeal Energy Mask,Rp 16.250 - Rp 25.000,Rp 25.000,35%,1,4.9
Hada Labo,Gokujyun Ultimate Moisturizing Face Wash,Rp 26.840 - Rp 44.440,Rp 30.500 - Rp 50.500,12%,2,4.5
Klavuu,Revitalizing Pearl Treatment Toner,Rp 629.100 - Rp 699.000,Rp 699.000,10%,1,4.7
Innisfree,Innisfree Super Volcanic Pore Clay Mask 2X,Rp 112.500 - Rp 126.750,Rp 225.000 - Rp 253.500,50%,2,4.7
Round Lab,1025 Dokdo Cleansing Oil,Rp 223.300 - Rp 319.000,Rp 319.000,30%,1,4.8
Wardah,UV Shield Acne Calming Sunscreen Moisturizer SPF 35 PA+++,Rp 39.500 - Rp 39.500,Rp 39.500,0%,1,4.9
COSRX,BHA Blackhead Power Liquid,Rp 229.950 - Rp 315.000,Rp 315.000,27%,1,4.4
Derma Angel,Set of 5 Acne Patch Plus Night 12,Rp 140.000 - Rp 205.000,Rp 205.000,0%,1,
Avoskin,"YSB Serum Lactic Acid 10% + Kiwi Fruit 5% + Niacinamide 2,5% High Dose",Rp 130.900 - Rp 154.000,Rp 154.000,15%,1,4.7
Missha,Airy Fit Sheet Mask Green Tea,Rp 16.280 - Rp 37.000,Rp 37.000,56%,1,4.6
Glad2Glow,Deep Pore Clean Facial Wash,Rp 29.250 - Rp 39.000,Rp 39.000,25%,1,4.8
I'm From,I'm From Black Rice Toner,Rp 377.100 - Rp 419.000,Rp 419.000,10%,1,4.8
Anua,Heartleaf Quercetinol Pore Deep Cleansing Foam,Rp 93.840 - Rp 179.550,Rp 208.533 - Rp 399.000,55%,2,4.7
Beauty of Joseon,Glow Replenishing Rice Milk,Rp 218.400 - Rp 280.000,Rp 280.000,22%,1,4.8
Klavuu,UV Protection Fresh Sun Gel SPF 50+ PA++++,Rp 269.100 - Rp 299.000,Rp 299.000,10%,1,4.7
Whitelab,N-Dose+ Intense Brightening Facial Wash,Rp 39.615 - Rp 69.500,Rp 69.500,43%,1,4.9
Derma Angel,Set of 5 Acne Patch Day 12,Rp 105.000 - Rp 165.000,Rp 165.000,0%,1,4.9
Banana Boat,Sport Ultra SPF50+ Sunscreen Lotion,Rp 238.000 - Rp 280.000,Rp 280.000,15%,1,4.7
Labore,Sensitive Skin Care BiomeRepair TopiCalm Cream,Rp 224.000 - Rp 224.000,Rp 224.000,0%,1,4.7
COSRX,The Retinol 0.1 Cream,Rp 344.450 - Rp 415.000,Rp 415.000,17%,1,4.6
Innisfree,Squeeze Energy Mask Acai Berry,Rp 16.250 - Rp 25.000,Rp 25.000,35%,1,4.8
Derma Angel,Set of 5 Acne Patch Night 12,Rp 110.000 - Rp 170.000,Rp 170.000,0%,1,
Skin1004,SKIN1004 Madagascar Centella  Tea-Trica BHA Foam,Rp 103.500 - Rp 345.000,Rp 345.000,70%,1,4.7
Skin Game,Acne Warrior Paste,Rp 131.100 - Rp 138.000,Rp 138.000,0%,1,4.7
Glad2Glow,Acne Drying Lotion,Rp 69.000 - Rp 69.000,Rp 69.000,0%,1,4.5
Missha,Airy Fit Sheet Mask Cucumber,Rp 16.280 - Rp 37.000,Rp 37.000,56%,1,4.6
Nivea,Double Eye Make Up Remover,Rp 82.501 - Rp 82.501,Rp 82.501,0%,1,4.7
Anessa,Mineral UV Sunscreen Mild Gel,Rp 366.300 - Rp 403.000,Rp 366.300 - Rp 403.000,0%,2,4.6
Maybelline,Lip & Eye Make Up Remover,Rp 95.900 - Rp 145.900,Rp 95.900 - Rp 145.900,0%,2,4.6
Innisfree,Innisfree Buy 2 Get 1 Oatmeal Energy Mask,Rp 50.250 - Rp 75.000,Rp 75.000,33%,1,4.8
LashBoss,Rapunzel Serum,Rp 118.750 - Rp 125.000,Rp 125.000,0%,1,4.7
Wonder Wipes,Wonder Sanitizer Multipurpose Wipes Fresh Aloe,Rp 33.155 - Rp 34.900,Rp 34.900,0%,1,5.0
Innisfree,Innisfree Buy 2 Get 1 Acai B Energy Mask,Rp 50.250 - Rp 75.000,Rp 75.000,33%,1,4.8
Finally Found You!,SOY CLEAR! BRIGHTENING & DARK SPOT SERUM,Rp 167.675 - Rp 176.500,Rp 176.500,0%,1,4.7
Innisfree,Green Tea Seed  Hyaluronic Serum,Rp 126.000 - Rp 253.200,Rp 210.000 - Rp 422.000,40%,2,4.7
Klavuu,Real Vegan Collagen Eyepatch,Rp 279.650 - Rp 329.000,Rp 329.000,15%,1,4.8
COSRX,Hydrium Watery Toner,Rp 134.750 - Rp 245.000,Rp 245.000,45%,1,4.6
Beauty of Joseon,Glow Serum : Propolis + Niacinamide,Rp 156.000 - Rp 240.000,Rp 240.000,35%,1,4.6
Innisfree,Collagen Green Tea Ceramide Bounce Cream,Rp 342.550 - Rp 527.000,Rp 527.000,35%,1,4.8
Klavuu,Nourishing Care Lip Sleeping Pack,Rp 168.750 - Rp 225.000,Rp 225.000,25%,3,4.8
NPure,Power Series Glow Lip Oil,Rp 59.000 - Rp 59.000,Rp 59.000,0%,2,4.8
Laneige,Radian-C Spot Serum,Rp 391.000 - Rp 460.000,Rp 460.000,15%,1,4.8
From This Island,Papua Red Fruit Plumping Cream,Rp 125.300 - Rp 223.200,Rp 179.000 - Rp 318.857,30%,3,4.6
Skin Game,Kind Watery Moisturizer,Rp 143.560 - Rp 286.440,Rp 143.560 - Rp 286.440,0%,3,4.8
ILLIYOON,Ceramide Ato Soothing Gel,Rp 228.650 - Rp 269.000,Rp 269.000,15%,1,4.8
Derma Angel,DermaAngel Acne Beauty Patch Tweety Limited Edition - Yellow,Rp 46.020 - Rp 59.000,Rp 59.000,22%,1,4.8
Ariul,BUY 2 GET 1 Lip and Eye Remover Pad,Rp 90.000 - Rp 135.000,Rp 135.000,0%,1,5.0
ILLIYOON,Ceramide Ato Travel Kit,Rp 126.650 - Rp 149.000,Rp 149.000,15%,1,4.8
Dear Klairs,Rich Moist Soothing Tencel Mask,Rp 28.325 - Rp 51.500,Rp 51.500,45%,1,4.7
COSRX,Vitamin E Vitalizing Sunscreen,Rp 262.500 - Rp 350.000,Rp 350.000,25%,1,4.7
I'm From,Rice Sunscreen,Rp 431.200 - Rp 490.000,Rp 490.000,12%,1,4.7
Beauty of Joseon,Ginseng Essence Water,Rp 195.000 - Rp 250.000,Rp 250.000,22%,1,4.7
Holika Holika,Pig-nose Clear Black Head Perfect Sticker,Rp 8.250 - Rp 11.000,Rp 11.000,25%,1,4.3
Skin1004,SKIN1004 Madagascar Centella Quick Calming Pad,Rp 148.000 - Rp 592.000,Rp 592.000,75%,1,4.8
Axis-Y,Dark Spot Glow Serum,Rp 178.020 - Rp 387.000,Rp 387.000,54%,1,4.5
Anua,Heartleaf Pore Control Cleansing Oil,Rp 93.890 - Rp 183.540,Rp 204.109 - Rp 399.000,54%,2,4.7
Laneige,Lip Sleeping Mask Strawberry Shortcake,Rp 289.800 - Rp 322.000,Rp 322.000,10%,1,4.9
Avoskin,YSB Serum Niacinamide 12% + Centella Asiatica,Rp 139.400 - Rp 164.000,Rp 164.000,15%,1,4.6
COSRX,Daily Care Duo,Rp 196.000 - Rp 280.000,Rp 280.000,30%New,1,
Espoir,BARE GLOW LIP BALM,Rp 284.050 - Rp 299.000,Rp 299.000,0%,4,4.8
Innisfree,Squeeze Energy Mask Heartleaf,Rp 16.250 - Rp 25.000,Rp 25.000,35%,1,4.9
Derma Angel,Duo Salicylic Series Bonus Holo Patch,Rp 89.790 - Rp 123.000,Rp 123.000,27%,1,
Wardah,Plump & Firm Gel Moisturizer,Rp 118.150 - Rp 139.000,Rp 139.000,15%,1,4.6
Mother of Pearl,Invincible Nano Gel Capsule Sunscreen SPF 50+ PA++++,Rp 135.200 - Rp 169.000,Rp 169.000,20%,1,4.8
Torriden,SOLID-IN Ceramide Lip Essence,Rp 69.000 - Rp 100.000,Rp 100.000,31%,1,4.8
Cetaphil,Moisturizing Cream,Rp 141.865 - Rp 305.065,Rp 166.900 - Rp 358.900,15%,2,4.5
Innisfree,Perfect 9 Intensive Cream,Rp 378.300 - Rp 582.000,Rp 582.000,35%,1,4.7
Skintific,4D Hyaluronic Acid Barrier Essence Toner,Rp 81.500 - Rp 163.000,Rp 163.000,50%,1,4.7
I'm From,Mugwort Serum,Rp 350.220 - Rp 449.000,Rp 449.000,22%,1,4.8
Innisfree,Innisfree Buy 2 Get 1 Centella Energy Mask,Rp 50.250 - Rp 75.000,Rp 75.000,33%,1,4.9
Skintific,Glow Bright Day Cream,Rp 97.500 - Rp 195.000,Rp 195.000,50%,1,5.0
Emina,Sun Battle SPF 35 PA +++ Bright Glow Amino + Vit C Airy Barrier Repair,Rp 19.500 - Rp 34.000,Rp 19.500 - Rp 34.000,0%,2,4.3
COSRX,One Step Original Clear Pads,Rp 203.932 - Rp 299.900,Rp 299.900,32%,1,4.5
Mediheal,Madecassoside Essential Mask Moisture Blemish,Rp 31.500 - Rp 35.000,Rp 35.000,10%New,1,4.9
Dr.G,Brightening Peeling Gel,Rp 194.250 - Rp 259.000,Rp 259.000,25%,1,4.8
Avoskin,YSB Serum Alpha Arbutin 3% + Grapeseed,Rp 139.400 - Rp 164.000,Rp 164.000,15%,1,4.6
Keana Nadeshiko,KEANA Baking Soda Face Foam,Rp 179.000 - Rp 179.000,Rp 179.000,0%,1,4.6
Make P:rem,Safe me. Relief moisture cream 12,Rp 323.100 - Rp 359.000,Rp 359.000,10%,1,4.7
COSRX,5 PDRN Collagen Intensive Vitalizing Serum,Rp 314.100 - Rp 349.000,Rp 349.000,10%New,1,4.9
BLP Beauty,Butter Balm,Rp 44.500 - Rp 89.000,Rp 89.000,50%,1,4.7
Finally Found You!,SUN-RICE ALL DAY INVISIBLE UV SHIELD SPF 50 PA++++,Rp 153.915 - Rp 165.500,Rp 165.500,0%,1,4.9
Whitelab,Whitelab N10-Dose+ Brightening Serum,Rp 79.536 - Rp 139.537,Rp 139.537,43%,1,4.7
Wardah,Lightening Oil-Infused Micellar Water,Rp 43.000 - Rp 43.000,Rp 43.000,0%,1,4.7
Skintific,5% B5 Ceramide Barrier Relief Moisturizer,Rp 97.500 - Rp 195.000,Rp 195.000,50%New,1,4.8
NPure,Cica Beat The Sun Spray,Rp 69.520 - Rp 79.000,Rp 79.000,12%,1,4.6
Beauty of Joseon,Red Bean Refreshing Pore Mask,Rp 218.400 - Rp 280.000,Rp 280.000,22%,1,4.8
Skin1004,SKIN1004 Madagascar Centella  Tea-Trica Relief Ampoule,Rp 59.800 - Rp 169.950,Rp 260.000 - Rp 738.913,77%,2,4.7
Skin1004,SKIN1004 Madagascar Centella Tea-Trica B5 Cream,Rp 144.000 - Rp 480.000,Rp 480.000,70%,1,4.6
FACERINNA,Niacinamide Brightening Serum Sunscreen SPF 50 PA++++,Rp 59.000 - Rp 59.000,Rp 59.000,0%,1,4.7
Skintific,Niacinamide Brightening Micellar Cleansing Wipes,Rp 24.500 - Rp 49.000,Rp 49.000,50%New,1,4.7
Glad2Glow,Centella Ceramide Soothing Toner,Rp 45.000 - Rp 45.000,Rp 45.000,0%,1,4.9
Wonder Wipes,Wonder Sanitizer Multipurpose Wipes Unscented,Rp 33.155 - Rp 34.900,Rp 34.900,0%,1,5.0
Innisfree,Squeeze Energy Mask Centella,Rp 16.250 - Rp 25.000,Rp 25.000,35%,1,4.8
Glad2Glow,Lash & Brow Intense Serum,Rp 49.000 - Rp 49.000,Rp 49.000,0%,1,4.7
Emina,HyaluBright & Smooth Low pH Micellar Water,Rp 53.000 - Rp 53.000,Rp 53.000,0%,1,4.8
Laneige,Bouncy & Firm Serum,Rp 331.200 - Rp 517.500,Rp 441.600 - Rp 690.000,25%,2,4.9
Skin1004,SKIN1004 Madagascar Centella Hyalu-Cica Blue Serum,Rp 71.100 - Rp 142.800,Rp 355.500 - Rp 714.000,80%,2,4.7
Beauty of Joseon,Ginseng Cleansing Oil,Rp 218.400 - Rp 280.000,Rp 280.000,22%,1,4.7
COSRX,Full Fit Propolis Light Ampoule,Rp 274.050 - Rp 435.000,Rp 435.000,37%,1,4.6
Innisfree,Innisfree Buy 2 Get 1 Heartleaf Energy Mask,Rp 50.250 - Rp 75.000,Rp 75.000,33%,1,5.0
Dear Me Beauty,Skin Barrier Face Gel Cleanser,Rp 75.050 - Rp 79.000,Rp 79.000,0%,1,4.7
Innisfree,Retinol Cica Repair Ampoule 30ml,Rp 82.500 - Rp 272.500,Rp 206.250 - Rp 681.250,60%,3,4.8
Beauty of Joseon,Glow Deep Serum : Rice + Alpha-Arbutin,Rp 156.000 - Rp 240.000,Rp 240.000,35%,1,4.7
Holika Holika,Baby Silky Foot Mask Sheet,Rp 41.250 - Rp 55.000,Rp 55.000,25%,1,4.5
Torriden,DIVE IN Serum,Rp 201.500 - Rp 310.000,Rp 310.000,35%New,1,4.7
Emina,Water UV Gel SPF 50 PA++++,Rp 40.000 - Rp 40.000,Rp 40.000,0%,1,4.8
Glad2Glow,Panthenol All In One Makeup Remover,Rp 29.000 - Rp 49.000,Rp 29.000 - Rp 49.000,0%,2,4.7
Skintific,Sensitive Moisture Gel,Rp 116.000 - Rp 232.000,Rp 232.000,50%,1,4.8
Round Lab,Birch Juice Moisturizing Sun Stick,Rp 209.300 - Rp 299.000,Rp 299.000,30%,1,4.8
FACERINNA,Ceramide B5 Balancing Moisturizer,Rp 59.000 - Rp 59.000,Rp 59.000,0%,1,4.8
Finally Found You!,SOY GENTLE! FACE CLEANSER,Rp 131.100 - Rp 138.000,Rp 138.000,0%,1,4.5
Yadah,YADAH Collagen Mask Pack,Rp 19.250 - Rp 35.000,Rp 35.000,45%,1,4.8
Glad2Glow,Vitamin B12 All In One Makeup Remover,Rp 29.000 - Rp 49.000,Rp 29.000 - Rp 49.000,0%,2,4.9
Cetaphil,Bright Healthy Radiance Sheet Mask 6pcs x 23 ml,Rp 248.115 - Rp 291.900,Rp 291.900,15%,1,4.6
barenbliss,Silver Makes Stunning Lip Balm,Rp 65.007 - Rp 69.900,Rp 69.900,0%,1,4.7
COSRX,AHA 7 Whitehead Power Liquid,Rp 192.500 - Rp 275.000,Rp 275.000,30%,1,4.5
Bio Beauty Lab,Luxurious Face Oil,Rp 120.000 - Rp 320.000,Rp 120.000 - Rp 320.000,0%,3,4.7
Torriden,DIVE IN Soothing Cream,Rp 200.600 - Rp 340.000,Rp 340.000,41%,1,4.8
Glad2Glow,Perfect Vita C Bright Glow Serum,Rp 39.000 - Rp 39.000,Rp 39.000,0%,1,4.6
Glad2Glow,Perfect Vita C Bright Glow Moisturizer,Rp 49.000 - Rp 49.000,Rp 49.000,0%,1,4.7
Sungboon Editor,Sungboon Editor Silk Peptide Intensive Lifting Ampoule,Rp 171.000 - Rp 380.000,Rp 380.000,55%,1,4.8
Senka,Perfect Whip Acne Care,Rp 83.905 - Rp 86.500,Rp 86.500,0%,1,4.6
Breylee,Rose Energy Facial Mask,Rp 13.750 - Rp 25.000,Rp 25.000,45%,1,4.8
Klavuu,Revitalizing Facial Cleansing Foam,Rp 355.500 - Rp 395.000,Rp 395.000,10%,1,4.7
COSRX,Advanced Snail Radiance Dual Essence,Rp 419.150 - Rp 505.000,Rp 505.000,17%,1,4.7
Laneige,Water Bank UV Barrier Sunscreen SPF 50+ PA++++,Rp 328.000 - Rp 410.000,Rp 410.000,20%,1,4.9
Nacific,Salicylic Acid Clarifying Mask Pack,Rp 28.000 - Rp 35.000,Rp 35.000,20%,1,4.7
Cetaphil,Daily Facial Cleanser,Rp 91.900 - Rp 255.900,Rp 91.900 - Rp 255.900,0%,3,4.9
Bioderma,Sensibio H2O Micellar Water PUMP,Rp 318.500 - Rp 455.000,Rp 455.000,30%,1,4.7
Innisfree,Retinol Green Tea PDRN Ampoule,Rp 327.000 - Rp 545.000,Rp 545.000,40%,1,4.8
Laneige,Radian-C Sun Cream SPF 50+ PA++++,Rp 344.000 - Rp 430.000,Rp 430.000,20%,1,4.6
COSRX,Advanced Snail Mucin Glass Glow Hydrogel Mask,Rp 72.250 - Rp 85.000,Rp 85.000,15%,1,
I'm From,Rice Mask,Rp 395.120 - Rp 449.000,Rp 449.000,12%,1,4.7
Skintific,Amino Acid Ultra Gentle Cleansing Mousse,Rp 69.500 - Rp 139.000,Rp 139.000,50%,1,4.7
numbuzin,No.1 Pantothenic B5 Active Soothing Cream,Rp 310.500 - Rp 450.000,Rp 450.000,31%,1,4.8
Finally Found You!,RICE+ GLASS AI HYBRID TONE-UP ESSENCE DAY CREAM SPF 30 PA+++++,Rp 148.950 - Rp 165.500,Rp 165.500,10%New,1,4.8
Holika Holika,Pig-nose Clear Black Head 3-Step Kit,Rp 35.200 - Rp 44.000,Rp 44.000,20%,1,4.4
Gemistry,2in1 Face Elixir Glow Restart,Rp 99.600 - Rp 249.000,Rp 249.000,60%,1,4.8
d'Alba,Mild Skin Balancing Vegan Cleanser,Rp 340.000 - Rp 500.000,Rp 500.000,32%,1,4.8
Nacific,Rice Pepta Collagen Gel Mask,Rp 63.750 - Rp 85.000,Rp 85.000,25%,1,4.7
Emina,Bright Stuff Niacinamide Oxy Ceramide Brightening Facial Cleanser,Rp 27.200 - Rp 32.000,Rp 32.000,15%,1,4.6
COSRX,COSRX Acne Free Skin Bundle,Rp 325.500 - Rp 434.000,Rp 434.000,25%New,1,
Laneige,Water Bank Gentle Gel Cleanser,Rp 360.000 - Rp 450.000,Rp 450.000,20%,1,4.9
Torriden,DIVE IN Mask,Rp 32.500 - Rp 50.000,Rp 50.000,35%,1,4.8
Holika Holika,Aloe 99% Soothing Gel (Fresh Moisturizing),Rp 58.500 - Rp 114.400,Rp 106.364 - Rp 208.000,45%,2,4.6
Breylee,Orange Energy Facial Mask,Rp 13.750 - Rp 25.000,Rp 25.000,45%,1,4.9
Keana Nadeshiko,KEANA Rice Cream,Rp 269.000 - Rp 269.000,Rp 269.000,0%,1,4.6
numbuzin,No.5 Vitamin Concentrated Serum,Rp 289.800 - Rp 420.000,Rp 420.000,31%,1,4.7
Make P:rem,UV Defense Me. Calming Sun Cream SPF 50+ PA++++,Rp 251.100 - Rp 279.000,Rp 279.000,10%,1,4.6
Wardah,UV Shield Acne Calming Sunscreen Serum SPF 50 PA++++,Rp 39.500 - Rp 62.000,Rp 39.500 - Rp 62.000,0%,2,4.8
Finally Found You!,RICE UP! BRIGHT & SMOOTH PEEL-OFF MASK,Rp 104.500 - Rp 110.000,Rp 110.000,0%,1,4.9
Banana Boat,Ultra Protect Ultramist SPF50,Rp 238.000 - Rp 280.000,Rp 280.000,15%,1,4.7
Derma Angel,Acne Care Balance Skin Toner,Rp 66.150 - Rp 189.000,Rp 189.000,65%,1,4.9
Innisfree,Squeeze energy Mask Kombucha,Rp 16.250 - Rp 25.000,Rp 25.000,35%,1,4.8
Bioderma,Bioderma Hydrabio H2O - Hydrating Micellar Water,Rp 115.500 - Rp 220.500,Rp 165.000 - Rp 315.000,30%,2,4.6
Biore,UV Aqua Rich Watery Gel Sunscreen Skin Care SPF 50 PA++++,Rp 102.375 - Rp 136.500,Rp 136.500,25%,1,4.6
Mediheal,Vitamin C Brightening Serum with Niacinamide,Rp 239.200 - Rp 299.000,Rp 299.000,20%,1,4.8
Skintific,Ectoin Cleansing Essence,Rp 69.500 - Rp 139.000,Rp 139.000,50%,1,4.9
Make P:rem,Make prem Safe Me Amino Cleansing Balm,Rp 278.070 - Rp 299.000,Rp 299.000,0%,1,4.8
Emina,Water Barrier Balancing Gel,Rp 42.000 - Rp 42.000,Rp 42.000,0%,1,4.9
COSRX,AC Collection Lightweight Soothing Moisturizer,Rp 261.750 - Rp 349.000,Rp 349.000,25%,1,4.6
Scarlett Whitening,Glass Glow Tinted Lip Balm,Rp 58.500 - Rp 58.500,Rp 58.500,0%,3,4.8
Skin1004,SKIN1004 Spot Cover Patch,Rp 31.500 - Rp 70.000,Rp 70.000,55%,1,4.7
Round Lab,Birch Juice Moisturizing Toner,Rp 216.300 - Rp 309.000,Rp 309.000,30%,1,4.8
Nature Republic,Real Nature Tea Tree Mask Sheet,Rp 18.000 - Rp 18.000,Rp 18.000,0%,1,4.5
Luxcrime,Glass Tinted Lip Balm,Rp 75.650 - Rp 89.000,Rp 89.000,15%,4,4.8
Erha,AcneAct Oil-Free & Acne Control Cleanser,Rp 81.250 - Rp 125.000,Rp 125.000,35%,1,4.7
Round Lab,1025 Dokdo Cleansing Milk,Rp 230.300 - Rp 329.000,Rp 329.000,30%,1,4.8
Senka,Senka - Perfect Whip White,Rp 61.110 - Rp 63.000,Rp 63.000,0%,1,4.6
Carasun,Pack of 2 Carasun Solar Smart UV Light Sunscreen,Rp 62.400 - Rp 78.000,Rp 78.000,20%,1,4.8
Beauty of Joseon,Radiance Cleansing Balm,Rp 210.600 - Rp 270.000,Rp 270.000,22%,1,4.7
Glad2Glow,Tremella Vita B5 Sensitive Calming Moisturizer,Rp 45.000 - Rp 45.000,Rp 45.000,0%,1,4.7
Sungboon Editor,Sungboon Editor Silk Peptide Intensive Eye Cream,Rp 225.000 - Rp 500.000,Rp 500.000,55%,1,4.9
Torriden,BALANCEFUL Mask,Rp 27.300 - Rp 42.000,Rp 42.000,35%,1,4.8
ILLIYOON,Ato Gentle Skin Cleanser,Rp 138.550 - Rp 163.000,Rp 163.000,15%,1,4.9
Azarine,Intense Luminous Barrier Moisturizer,Rp 43.200 - Rp 54.000,Rp 54.000,20%,1,4.6
Skin1004,SKIN1004 Madagascar Centella Hyalu-Cica First Ampoule,Rp 142.800 - Rp 580.000,Rp 714.000 - Rp 2.900.000,80%,2,4.8
COSRX,Hydrium Green Tea Aqua Soothing Gel Cream,Rp 269.100 - Rp 345.000,Rp 345.000,22%,1,4.6
Sukin,Signature Revitalising Facial Scrub,Rp 116.350 - Rp 179.000,Rp 179.000,35%,1,4.5
Azarine,Glowkiss Sunscreen Lip Balm SPF 35 PA+++,Rp 34.500 - Rp 69.000,Rp 69.000,50%,4,4.6
Labore,Sensitive Skin Care AcnePro Biome Sebum & Acne Cleansing Mousse,Rp 69.000 - Rp 157.000,Rp 69.000 - Rp 157.000,0%,2,4.7
Skintific,Centella Acne Care Micellar Cleansing Wipes,Rp 24.500 - Rp 49.000,Rp 49.000,50%New,1,4.8
Dr.G,Ph Cleansing Red Blemish Clear Soothing Foam,Rp 64.350 - Rp 161.400,Rp 107.250 - Rp 269.000,40%,2,4.8
Derma Angel,Acne Patch Day & Night 6s Combo,Rp 29.000 - Rp 35.000,Rp 35.000,0%,1,5.0
Laneige,Cream Skin Cerapeptide™ Refiner,Rp 382.500 - Rp 510.000,Rp 510.000,25%,1,4.9
Avoskin,Miraculous Refining Serum,Rp 253.300 - Rp 298.000,Rp 298.000,15%,1,4.6
Skin1004,SKIN1004 Madagascar Centella Hyalu-Cica Sleeping Pack,Rp 57.000 - Rp 142.800,Rp 285.000 - Rp 714.000,80%,2,4.7
Tavi,CICA RES-Q10 AdapTint Sun Shield,Rp 112.000 - Rp 112.000,Rp 112.000,0%,1,4.6
TIRTIR,Milk Skin Toner,Rp 42.600 - Rp 319.500,Rp 60.000 - Rp 450.000,29%,2,4.7
Skintific,Sensitive Soothe Cleanser,Rp 77.000 - Rp 154.000,Rp 154.000,50%,1,4.8
FACERINNA,Low pH B5 Gel Cleanser,Rp 49.000 - Rp 49.000,Rp 49.000,0%,1,4.7
COSRX,AC Collection Ultimate Spot Cream,Rp 204.750 - Rp 315.000,Rp 315.000,35%,1,4.5
Wardah,Nature Daily Calm & Soothe Micellar Water,Rp 33.000 - Rp 116.000,Rp 33.000 - Rp 116.000,0%,3,4.6
Anua,PDRN Hyaluronic Acid Capsule 100 Serum,Rp 206.960 - Rp 315.840,Rp 431.167 - Rp 658.000,52%,2,4.9
The Originote,Ceramella Sunscreen,Rp 60.375 - Rp 60.375,Rp 60.375,0%,1,4.7
Skin Aqua,Tone Up Uv Essence,Rp 77.440 - Rp 88.000,Rp 88.000,12%,1,4.6
COSRX,5 PDRN B5 Vital Soothing Toner,Rp 269.100 - Rp 299.000,Rp 299.000,10%New,1,4.9
Sukin,Signature Original Hydrating Mist Toner,Rp 59.500 - Rp 116.350,Rp 91.538 - Rp 179.000,35%,2,4.5
Dancing Whale,ELIFIT Wonderland Brilliant Mask Pack Plus,Rp 25.200 - Rp 42.000,Rp 42.000,40%,1,4.6
Emina,Sun Battle SPF 35 PA +++ Acne Clear Cica + Allantoin Airy Acne Soothing,Rp 34.000 - Rp 34.000,Rp 34.000,0%,1,4.8
Glad2Glow,Pomegranate Niacinamide Brightening Clay Mask,Rp 24.000 - Rp 32.000,Rp 32.000,25%,1,4.7
Finally Found You!,TRIPLE VITAMIN B-ARRIER + PEACH + SNAIL MUCIN INTENSIVE SOOTHING MOISTURIZING CREAM,Rp 152.000 - Rp 160.000,Rp 160.000,0%,1,4.7
Missha,Airy Fit Sheet Mask Red Ginseng,Rp 16.280 - Rp 37.000,Rp 37.000,56%,1,4.6
Innisfree,Perfect 9 Intensive Serum,Rp 452.400 - Rp 696.000,Rp 696.000,35%,1,4.6
Finally Found You!,C+U HONEY LIP SERUM,Rp 99.275 - Rp 104.500,Rp 104.500,0%,1,4.7
Sungboon Editor,Sungboon Editor Apple Peel Glow Skin Soothing Ampoule,Rp 83.600 - Rp 190.000,Rp 190.000,56%,1,4.9
Laneige,Radian-C Advanced Effector,Rp 520.000 - Rp 650.000,Rp 650.000,20%,1,4.8
From This Island,Mangosteen Brightening Serum,Rp 80.500 - Rp 126.750,Rp 123.846 - Rp 195.000,35%,2,4.6
Derma Angel,Acne Beauty Patch Raya Festive - Colorful Mix Shaped,Rp 21.500 - Rp 43.000,Rp 43.000,50%,1,4.7
Senka,Senka - Perfect Whip Fresh,Rp 65.475 - Rp 67.500,Rp 67.500,0%,1,4.6
Round Lab,Pine Calming Cica Cream,Rp 244.300 - Rp 349.000,Rp 349.000,30%,1,4.8
Finally Found You!,OCEAN BLUE PEA DUAL-PHASE MICELLAR WATER,Rp 99.275 - Rp 104.500,Rp 104.500,0%,1,5.0
Beauty of Joseon,Honey Glow Brightening Serum #2,Rp 157.520 - Rp 179.000,Rp 179.000,12%,1,4.7
Glad2Glow,Glycolic Acid Facial Wash,Rp 39.000 - Rp 39.000,Rp 39.000,0%,1,4.8
Nivea,Lip Balm Overnight Care Lavender Essential Oil,Rp 49.500 - Rp 49.500,Rp 49.500,0%,1,4.7
Breylee,Aloe Vera Energy Facial Mask,Rp 13.750 - Rp 25.000,Rp 25.000,45%,1,4.7
Whitelab,Acne Care Facial Wash,Rp 44.439 - Rp 77.964,Rp 77.964,43%,1,4.7
Finally Found You!,ACNE PROTECTEA PHYSICAL SUNSCREEN SPF 30 PA++++,Rp 139.050 - Rp 154.500,Rp 154.500,10%,1,3.9
Skin1004,SKIN1004 Madagascar Centella Hyalu-Cica Silky-Fit Sun Stick,Rp 60.000 - Rp 152.000,Rp 200.000 - Rp 506.667,70%,2,4.7
Senka,Senka Perfect White Clay,Rp 73.720 - Rp 76.000,Rp 76.000,0%,1,4.6
Derma Angel,Special Combo Acne Patch Day 12,Rp 62.400 - Rp 96.000,Rp 96.000,0%,1,5.0
Round Lab,Vita Niacinamide Dark Spot Serum,Rp 230.300 - Rp 329.000,Rp 329.000,30%,1,4.8
NPure,Licorice Advanced Peeling Gel,Rp 61.750 - Rp 65.000,Rp 65.000,0%,1,4.7
Dancing Whale,ELIFIT Wonderland Moisture Mask Pack Plus,Rp 25.200 - Rp 42.000,Rp 42.000,40%,1,4.5
NPure,Cica Dark Spot,Rp 79.000 - Rp 79.000,Rp 79.000,0%,1,4.6
Innisfree,Innisfree Buy 2 Get 1 Kombucha Energy Mask,Rp 50.250 - Rp 75.000,Rp 75.000,33%,1,4.8
Breylee,Centella Asiatica Energy Facial Mask,Rp 13.750 - Rp 25.000,Rp 25.000,45%,1,4.9
NPure,Cica Biome Acne Serum Essence,Rp 100.000 - Rp 100.000,Rp 100.000,0%,1,4.6
Anua,PDRN Hyaluronic Acid 100 Moisturizing Cream,Rp 351.120 - Rp 798.000,Rp 798.000,56%,1,4.8
From This Island,Java Black Tea Soothing Gel Cleanser,Rp 69.300 - Rp 111.300,Rp 99.000 - Rp 159.000,30%,2,4.6
Breylee,Tea Tree Energy Facial Mask,Rp 13.750 - Rp 25.000,Rp 25.000,45%,1,4.8
Hada Labo,Gokujyun Ultimate Moisturizing Milk,Rp 54.560 - Rp 62.000,Rp 62.000,12%,1,4.5
Finally Found You!,OATSTANDING RETINAL EYE & FACE CREAM,Rp 157.225 - Rp 165.500,Rp 165.500,0%,1,4.8
Dear Klairs,Supple Preparation Unscented Toner,Rp 100.950 - Rp 336.500,Rp 336.500,70%,1,4.6
Make P:rem,Safe Me. Relief Moisture Cleansing Oil,Rp 305.100 - Rp 339.000,Rp 339.000,10%,1,4.6
COSRX,Airy-Light Invisible Sun Stick SPF 50+ PA++++,Rp 269.100 - Rp 299.000,Rp 299.000,10%,1,4.8
COSRX,Snail & Peptide Power Duo,Rp 302.220 - Rp 414.000,Rp 414.000,27%New,1,
Cetaphil,Hydrating Foaming Cream Cleanser,Rp 141.015 - Rp 165.900,Rp 165.900,15%,1,4.8
Jacquelle Beaute,Hydrocolloid Acne Patch - Quby Edition,Rp 58.590 - Rp 63.000,Rp 63.000,0%,1,4.8
Senka,Perfect Whip Berry Bright,Rp 68.400 - Rp 72.000,Rp 72.000,0%,1,4.8
Skintific,Ectoin Skin Cream Gel Moisturizer,Rp 104.500 - Rp 209.000,Rp 209.000,50%,1,5.0
Emina,Water Calming Gel,Rp 42.000 - Rp 42.000,Rp 42.000,0%,1,4.7
Beauty of Joseon,Honey Glow Brightening Serum #1,Rp 128.440 - Rp 169.000,Rp 169.000,24%,1,4.8
Bio Beauty Lab,Bright Collagen Invisible Mask,Rp 169.000 - Rp 169.000,Rp 169.000,0%,1,5.0
Emina,Airy UV Gel SPF 50 PA++++,Rp 40.000 - Rp 40.000,Rp 40.000,0%,1,4.9
Laneige,Water Bank Blue Hyaluronic Intensive Cream,Rp 487.500 - Rp 650.000,Rp 650.000,25%,1,4.9
Nivea,Lip Balm Caring Color Rose 3 in 1 SPF 30,Rp 39.500 - Rp 39.500,Rp 39.500,0%,1,4.7
Glad2Glow,PDRN 10% Niacinamide 3% TXA Brightening Serum,Rp 49.000 - Rp 49.000,Rp 49.000,0%,1,4.9
Bioderma,Bioderma Sebium H2O - Oil Rebalancing Micellar Water,Rp 115.500 - Rp 318.500,Rp 165.000 - Rp 455.000,30%,3,4.6
Skintific,3% Tranexamic Acid Advanced Bright Serum,Rp 97.500 - Rp 195.000,Rp 195.000,50%,1,4.6
Keana Nadeshiko,KEANA Rice Toner,Rp 349.000 - Rp 349.000,Rp 349.000,0%,1,4.7
NPure,Licorice Bright & Glow Potion Of Light Serum,Rp 95.000 - Rp 100.000,Rp 100.000,0%,1,4.7
Carasun,Duo Healthy Matte 30ml,Rp 148.500 - Rp 198.000,Rp 198.000,25%,1,4.9
Eileen Grace,Deep Cleansing Black Jelly Mask,Rp 369.000 - Rp 399.000,Rp 399.000,0%,1,4.6
FACERINNA,5% Niacinamide 1% TXA Bright Dark Spot Moisturizer,Rp 59.000 - Rp 59.000,Rp 59.000,0%,1,4.7
Round Lab,Pine Calming Cica Ampoule,Rp 230.300 - Rp 329.000,Rp 329.000,30%,1,4.8
Azarine,Pure Radiance Barrier Moisturizer,Rp 43.200 - Rp 54.000,Rp 54.000,20%,1,4.6
Skintific,Alaska Volcano Deep Pores Cleansing Clay Mask,Rp 69.500 - Rp 139.000,Rp 139.000,50%,1,4.7
Laneige,Bouncy & Firm Eye Sleeping Mask,Rp 360.000 - Rp 480.000,Rp 480.000,25%,1,4.9
Mother of Pearl,Lippy Shield Nourishing and Protecting Balm SPF 35 PA+++,Rp 94.050 - Rp 99.000,Rp 99.000,0%,1,4.7
YOU Beauty,Acneplus Spot Care Pro Serum,Rp 39.900 - Rp 39.900,Rp 39.900,0%,1,4.8
Laneige,Waterbank Blue HA Cream Gel,Rp 520.000 - Rp 650.000,Rp 650.000,20%,1,4.9
For Skins Sake,RetinAL Serum 0.15% with Samphira Oil,Rp 237.600 - Rp 330.000,Rp 330.000,28%,1,4.8
Neutrogena,Hydro Boost Hyaluronic Acid Water Gel,Rp 159.250 - Rp 318.500,Rp 318.500,50%,1,4.6
YNM,Rainbow Honey Lip Balm,Rp 125.580 - Rp 299.000,Rp 299.000,58%,1,4.8
I'm From,Honey Glow Cream,Rp 395.120 - Rp 449.000,Rp 449.000,12%,1,4.5
NPure,Marigold Anti-Aging Youth Defense Hydrating Toner,Rp 88.000 - Rp 100.000,Rp 100.000,12%,1,4.6
Round Lab,1025 Dokdo Eye Cream,Rp 314.300 - Rp 449.000,Rp 449.000,30%,1,4.4
Scarlett Whitening,Daily Sunscreen Ultra Light SPF 50 PA+++,Rp 75.000 - Rp 75.000,Rp 75.000,0%,1,4.8
Mediheal,THE N.M.F AMPOULE MASK ORIGINAL,Rp 31.500 - Rp 35.000,Rp 35.000,10%New,1,4.9
Derma Angel,Special Combo Acne Patch Night 12,Rp 65.000 - Rp 100.000,Rp 100.000,0%,1,4.9
Cocoon,Ben Tre Coconut Lip Balm,Rp 31.500 - Rp 35.000,Rp 35.000,10%,1,4.7
NPure,Noni Probiotics Comfort Me Moisturizer,Rp 89.000 - Rp 89.000,Rp 89.000,0%,1,4.8
Round Lab,Vita Niacinamide Dark Spot Cream,Rp 244.300 - Rp 349.000,Rp 349.000,30%,1,4.7
COSRX,One Step Green Calming Pads,Rp 188.937 - Rp 299.900,Rp 299.900,37%,1,4.5
Neutrogena,Deep Clean Blackhead Eliminating Daily Scrub,Rp 60.550 - Rp 121.100,Rp 121.100,50%,1,4.5
Glad2Glow,PDRN 5% Niacinamide 1% TXA Brightening Moisturizer,Rp 49.000 - Rp 49.000,Rp 49.000,0%,1,4.5
Sukin,Signature Foaming Facial Cleanser,Rp 125.300 - Rp 179.000,Rp 179.000,30%,1,4.6
ETUDE,My Lash Serum,Rp 85.000 - Rp 100.000,Rp 100.000,15%,1,4.4
Wardah,EXOSOME + PDRN Lift Regenerating Serum,Rp 186.750 - Rp 249.000,Rp 249.000,25%,1,4.8
Innisfree,Black Tea Treatment Essence,Rp 172.500 - Rp 345.000,Rp 345.000,50%,1,4.7
Sungboon Editor,Sungboon Editor Green Tomato Deep Pore Double Cleansing Ampoule Oil,Rp 143.100 - Rp 530.000,Rp 530.000,73%,1,4.8
Glad2Glow,Centella Salicylic Acid Day Acne Patch,Rp 25.000 - Rp 25.000,Rp 25.000,0%,1,4.7
Ariul,BUY 1 GET 1 Cleansing Tissue,Rp 99.000 - Rp 145.000,Rp 145.000,0%,1,
Wardah,Tranexamic α- Arbutin + 5% Niacinamide Dark Spot Corrector Gel Moisturizer,Rp 119.000 - Rp 119.000,Rp 119.000,0%,1,4.7
Laneige,Waterbank Blue HA Serum,Rp 525.000 - Rp 700.000,Rp 700.000,25%,1,4.7
d'Alba,White Truffle First Aromatic Toner,Rp 292.400 - Rp 430.000,Rp 430.000,32%,1,4.7
Mediheal,Mediheal Dermaplus Heartleaf Mask,Rp 22.000 - Rp 25.000,Rp 25.000,12%New,1,5.0
From This Island,Bali Green Coffee Espresso Eye Cream,Rp 132.300 - Rp 189.000,Rp 189.000,30%,1,4.6
Ariul,Apple Cider Deep Cleansing Oil,Rp 190.070 - Rp 229.000,Rp 229.000,17%,1,4.8
Labore,Sensitive Skin Care AcnePro Biome Acne Spot Gel,Rp 144.000 - Rp 144.000,Rp 144.000,0%,1,4.3
Sungboon Editor,Sungboon Editor Green Tomato Deep Pore Cleansing Ultra Whipping Foam,Rp 86.000 - Rp 430.000,Rp 430.000,80%,1,4.9
Glad2Glow,Perfect Vita C Bright Glow Cleanser,Rp 45.000 - Rp 45.000,Rp 45.000,0%,1,4.5
Laneige,Radian-C Double Active Brightening Essence,Rp 608.000 - Rp 760.000,Rp 760.000,20%,1,4.8
Laneige,Bouncy & Firm Lip Treatment,Rp 323.000 - Rp 380.000,Rp 380.000,15%,1,4.9
Skin1004,SKIN1004 Magadascar Centella Probio-Cica Intensive Ampoule (Cruelty-Free),Rp 62.500 - Rp 145.700,Rp 250.000 - Rp 582.800,75%,2,4.8
Hada Labo,Gokujyun Ultimate Moisturizing Lotion 100ml,Rp 47.080 - Rp 53.500,Rp 53.500,12%,1,4.6
Loreal Paris,Glycolic Bright Anti-Dark Spot Exfoliant Peel 15% [AHA+BHA+HA] + Niacinamide 25ml,Rp 179.000 - Rp 179.000,Rp 179.000,0%,1,4.7
Jacquelle Beaute,Hydrocolloid Acne Patch - Zootopia 2 Edition,Rp 58.590 - Rp 63.000,Rp 63.000,0%,1,5.0
Keana Nadeshiko,KEANA Baking Soda Scrub Wash,Rp 204.250 - Rp 215.000,Rp 215.000,0%,1,4.6
True To Skin,Matcha Oat Gentle Cleanser,Rp 31.980 - Rp 61.410,Rp 46.348 - Rp 89.000,31%,2,4.7
Trueve,Luminous Dark Spot Brightening Serum,Rp 156.200 - Rp 284.000,Rp 284.000,45%,1,4.7
Keana Nadeshiko,KEANA Baking Soda Cleansing Gel,Rp 198.550 - Rp 209.000,Rp 209.000,0%,1,4.5
Innisfree,Volcanic Swirl Pore Mask,Rp 116.000 - Rp 290.000,Rp 290.000,60%,1,4.9
Skin1004,SKIN1004 Madagascar Centella  Tea-Trica Purifying Toner,Rp 146.850 - Rp 445.000,Rp 445.000,67%,1,4.8
Finally Found You!,OATSTANDING BHA + LHA ACNE SERUM,Rp 141.550 - Rp 149.000,Rp 149.000,0%,1,4.7
Wardah,Spray-On Serum,Rp 109.650 - Rp 129.000,Rp 129.000,15%,1,4.9
Hada Labo,Gokujyun Alpha Ultimate Anti-aging Sheet Mask,Rp 95.040 - Rp 108.000,Rp 108.000,12%,1,4.5
Round Lab,Pine Calming Cica Toner,Rp 209.300 - Rp 299.000,Rp 299.000,30%,1,4.8
YNM,Candy Honey Lip Balm,Rp 125.580 - Rp 299.000,Rp 299.000,58%,2,4.7
I'm From,Rice Glow Peel Off Mask,Rp 403.920 - Rp 459.000,Rp 459.000,12%,1,4.8
Dr.G,Black Snail Collagen To Mist Serum,Rp 261.750 - Rp 349.000,Rp 349.000,25%,1,4.9
Avoskin,Natural Sublime Facial Cleanser,Rp 122.400 - Rp 144.000,Rp 144.000,15%,1,4.7
Mediheal,Madecassoside Blemish Pad Sachet 14 pcs,Rp 60.450 - Rp 65.000,Rp 65.000,0%,1,4.8
COSRX,Oil free ultra moisturizing lotion,Rp 105.000 - Rp 105.000,Rp 105.000,0%,1,4.7
Mediheal,Mediheal Dermaplus Cica Mask,Rp 22.000 - Rp 25.000,Rp 25.000,12%New,1,5.0
Wardah,Wardah UV Shield Active Protection Sunscreen Serum SPF 50+ PA++++,Rp 89.000 - Rp 89.000,Rp 89.000,0%,1,4.5
Loreal Paris,Glycolic Melasyl Bright Instant Glowing Face Serum,Rp 212.000 - Rp 212.000,Rp 212.000,0%,1,4.6
ILLIYOON,Ato Lotion,Rp 108.800 - Rp 128.000,Rp 128.000,15%,1,4.9
Cetaphil,Moisturising Lotion,Rp 115.000 - Rp 181.815,Rp 135.294 - Rp 213.900,15%,2,4.6
Hada Labo,Tamagohada Mild Peeling Face Wash,Rp 33.880 - Rp 52.360,Rp 38.500 - Rp 59.500,12%,2,4.4
Nacific,Herb Retinol Relief Mask Pack,Rp 28.000 - Rp 35.000,Rp 35.000,20%,1,4.7
Dancing Whale,Moisture Mask Pack Plus,Rp 25.200 - Rp 42.000,Rp 42.000,40%,1,4.7
Pyunkang Yul,Calming Moisture Toner,Rp 138.000 - Rp 230.000,Rp 230.000,40%,1,4.7
NPure,Noni Beat The Sun Physical Sunscreen,Rp 69.520 - Rp 79.000,Rp 79.000,12%,1,4.9
Hada Labo,Perfect 3D Gel,Rp 113.520 - Rp 129.000,Rp 129.000,12%,1,4.2
Sociolla,Product Testing 05 (NOT FOR SALE),Rp 100 - Rp 5.000.000,Rp 100 - Rp 5.000.000,0%,4,4.5
Axis-Y,Vegan Collagen Eye Serum,Rp 197.880 - Rp 388.000,Rp 388.000,49%,1,4.5
Klavuu,Real Vegan Collagen Cream,Rp 442.000 - Rp 520.000,Rp 520.000,15%,1,4.6
The Originote,Brightening Moisturizer,Rp 69.000 - Rp 69.000,Rp 69.000,0%,1,4.6
Beauty of Joseon,Bamboo Darkspot Serum,Rp 184.800 - Rp 210.000,Rp 210.000,12%,1,4.8
Derma Angel,DermaAngel Clay Stick Set,Rp 100.000 - Rp 141.000,Rp 141.000,0%,1,4.9
COSRX,The 6 Peptide Skin Booster Serum 30 ml,Rp 125.000 - Rp 125.000,Rp 125.000,0%,1,4.5
Emina,Bright Stuff Prebiotic Tranexamic Acid Brightening Facial Cleanser,Rp 28.900 - Rp 34.000,Rp 34.000,15%,1,4.6
Dear Me Beauty,Skin Barrier Water Cream,Rp 109.650 - Rp 129.000,Rp 129.000,15%,1,4.7
Dr.G,RTX Into Melting Collagen Film,Rp 111.750 - Rp 149.000,Rp 149.000,25%,1,4.8
Gemistry,2in1 Face Elixir Age Refine,Rp 203.320 - Rp 299.000,Rp 299.000,32%,1,4.8
Nivea,Sun Face Serum Protect & Light Feel SPF 50+ PA+++,Rp 132.000 - Rp 132.000,Rp 132.000,0%,1,4.7
Nacific,Cica Tea Tree Relaxing Mask Pack,Rp 28.000 - Rp 35.000,Rp 35.000,20%,1,4.8
Bio Beauty Lab,Potent-C Power Serum,Rp 125.000 - Rp 235.000,Rp 125.000 - Rp 235.000,0%,2,4.6
Wardah,Crystal Secret 3% Tranexamic Complex α-Arbutin Dark Spot Corrector Serum,Rp 104.000 - Rp 104.000,Rp 104.000,0%,1,4.3
Azarine,Supreme Glow Brightening Moisturizer,Rp 47.200 - Rp 59.000,Rp 59.000,20%,1,4.6
Nivea,Lip Balm Caring Color Coral 3 in 1 SPF 30,Rp 39.500 - Rp 39.500,Rp 39.500,0%,1,4.6
NPure,Licorice Milky Spotlight Toner,Rp 95.000 - Rp 100.000,Rp 100.000,0%,1,4.7
Make P:rem,UV Defense Me. Daily Sun Fluid SPF 50+ PA++++,Rp 339.150 - Rp 399.000,Rp 399.000,15%,1,4.7
Hada Labo,Gokujyun Ultimate Moisturizing Light Lotion,Rp 46.640 - Rp 53.000,Rp 53.000,12%,1,4.5
Innisfree,Black Tea Youth Enhancing Cream,Rp 263.000 - Rp 526.000,Rp 526.000,50%,1,4.7
Bio Beauty Lab,Glycolic Brightening Cleanser,Rp 125.000 - Rp 345.000,Rp 125.000 - Rp 345.000,0%,3,4.6
Azarine,Tinted Lippiecable Balm,Rp 29.500 - Rp 59.000,Rp 59.000,50%,3,4.7
YOU Beauty,YOU Sunbrella Triple UV Elixir SPF 50+ PA++++,Rp 65.000 - Rp 65.000,Rp 65.000,0%,1,4.6
Glad2Glow,Volcano 3D Acid Pore Clay Mask,Rp 32.000 - Rp 32.000,Rp 32.000,0%,1,4.8
Sungboon Editor,Sungboon Editor Meoru Podo Vita C Dark Spot Cream,Rp 97.200 - Rp 270.000,Rp 270.000,64%,1,4.8
Whitelab,N-Dose+ Intense Brightening Essence Toner,Rp 43.890 - Rp 77.000,Rp 77.000,43%,1,4.7
Ariul,Bundle Duo Lip&Eye Remover Pad Ariul,Rp 72.000 - Rp 90.000,Rp 90.000,20%New,1,4.9
Klavuu,Completed Revitalizing Pearl Eye Cream,Rp 863.100 - Rp 959.000,Rp 959.000,10%,1,4.7
Anua,KPDH ANUA PDRN HYALURONIC ACID CAPSULE 100 SERUM MASK,Rp 46.060 - Rp 98.000,Rp 98.000,53%,1,5.0
Tulus,Balanced Gel Cleanser,Rp 79.000 - Rp 329.000,Rp 79.000 - Rp 329.000,0%,3,4.8
Ariul,Apple Cider Whipping Cream Cleanser,Rp 132.820 - Rp 229.000,Rp 229.000,42%,1,4.6
Dr.G,Royal Black Snail Ampoule Mask,Rp 47.200 - Rp 59.000,Rp 59.000,20%,1,4.9
Axis-Y,Mugwort Pore Clarifying Wash Off Pack,Rp 200.340 - Rp 378.000,Rp 378.000,47%,1,4.6
Make P:rem,Poncirus Trifoliata C Dark Spot Serum,Rp 305.100 - Rp 339.000,Rp 339.000,10%,1,4.7
numbuzin,No.3 Porcelain Base-skip Tone Up Beige,Rp 269.100 - Rp 390.000,Rp 390.000,31%,1,4.7
ETUDE,Etude Sheet Mask Buy 3 Get 1,Rp 72.000 - Rp 96.000,Rp 96.000,25%,1,4.6
Labore,Sensitive Skin Care GentleBiome Hydration Toner,Rp 151.000 - Rp 151.000,Rp 151.000,0%,1,4.8
Carasun,Gentle Barrier Twinpack,Rp 164.340 - Rp 198.000,Rp 198.000,17%,1,4.9
numbuzin,No. 1 Pure-full Herb Calming Toner,Rp 234.000 - Rp 390.000,Rp 390.000,40%,1,4.8
Skin Game,Kind Cream Moisturizer,Rp 143.560 - Rp 286.440,Rp 143.560 - Rp 286.440,0%,3,4.7
COSRX,AHA/BHA Clarifying Treatment Toner set of 2,Rp 280.000 - Rp 400.000,Rp 400.000,30%New,1,2.6
Anua,KPDH ANUA NIACINAMIDE TXA SERUM MASK,Rp 49.000 - Rp 98.000,Rp 98.000,50%,1,4.7
Jung Saem Mool,Essential Mool Cream,Rp 774.250 - Rp 815.000,Rp 815.000,0%,1,4.9
Derma Angel,Acne & Pore Clear Clay Stick Set,Rp 79.000 - Rp 94.000,Rp 94.000,0%,1,4.9
Glad2Glow,Apricot Glycolic Acid Exfo Smooth Peeling Gel,Rp 36.750 - Rp 49.000,Rp 49.000,25%,1,4.7
Carasun,Solar Smart UV Protector | size : 30 ml Duo,Rp 103.514 - Rp 141.800,Rp 141.800,27%,1,4.9
YOU Beauty,Sunbrella 2% Niacinamide Brightening Sunscreen,Rp 79.900 - Rp 79.900,Rp 79.900,0%,1,4.9
Biore,UV Athlizm Skin Protection Essence Sport Sunscreen SPF 50 PA++++,Rp 154.650 - Rp 206.200,Rp 206.200,25%,1,4.7
TIRTIR,Collagen Lifting Eye Cream,Rp 305.300 - Rp 430.000,Rp 430.000,29%,1,4.7
Ariul,Bundle Duo Cleansing Tissue Ariul,Rp 58.100 - Rp 70.000,Rp 70.000,17%,1,4.9
Holika Holika,Lash Correcting Care Special Set 01 + 02,Rp 223.200 - Rp 360.000,Rp 360.000,38%,1,4.2
Dr.G,Royal Black Snail Eye Cream,Rp 351.750 - Rp 469.000,Rp 469.000,25%,1,4.1
Beauty of Joseon,Revive Serum : Ginseng + Snail Mucin,Rp 187.200 - Rp 240.000,Rp 240.000,22%,1,4.7
Derma Angel,Mild Purifying Cleansing Cream,Rp 37.620 - Rp 99.000,Rp 99.000,62%,1,4.7
Senka,Perfect Whip Collagen in,Rp 87.400 - Rp 92.000,Rp 92.000,0%,1,4.7
Wardah,14X Hyaluron + Pentavitin Deep Water Restore Gel Moisturizer,Rp 119.000 - Rp 119.000,Rp 119.000,0%,1,4.8
Bioheal BOH,BIOHEAL BOH Probioderm™ 3D Lifting Cream,Rp 510.570 - Rp 549.000,Rp 549.000,0%,1,4.9
Dr.G,Royal Black Snail Ampoule,Rp 404.250 - Rp 539.000,Rp 539.000,25%,1,4.9
Mediheal,Teatree Trouble Calming Pad Sachet 14 pcs,Rp 60.450 - Rp 65.000,Rp 65.000,0%,1,4.8
Azarine,Advanced Youth Barrier Moisturizer,Rp 43.200 - Rp 54.000,Rp 54.000,20%,1,4.6
Nacific,Vita Ceramide Moisture Mask Pack,Rp 28.000 - Rp 35.000,Rp 35.000,20%,1,4.8
From This Island,Blue Pea Purifying Micellar Water,Rp 103.350 - Rp 159.000,Rp 159.000,35%,1,4.9
For Skins Sake,Vitamin C Serum (New Formula),Rp 193.450 - Rp 265.000,Rp 265.000,27%,1,4.7
Nacific,Green Tea Collagen Gel Mask,Rp 85.000 - Rp 85.000,Rp 85.000,0%,2,4.6
Mediheal,Mediheal Dermaplus Green Tangerine Mask,Rp 22.000 - Rp 25.000,Rp 25.000,12%New,1,5.0
Dancing Whale,Brilliant Mask Pack Plus,Rp 25.200 - Rp 42.000,Rp 42.000,40%,1,4.6
Anua,BUY 1 GET 1 KPDH ANUA PDRN HYALURONIC ACID CAPSULE 100 SERUM MASK,Rp 49.000 - Rp 196.000,Rp 196.000,75%,1,
COSRX,Low pH Good Morning Gel Cleanser 20 ml,Rp 62.500 - Rp 62.500,Rp 62.500,0%,1,4.8
d'Alba,White Truffle Return Oil Cream Cleanser,Rp 401.200 - Rp 590.000,Rp 590.000,32%,1,5.0
Wardah,UV Shield Light Matte Sun Stick,Rp 99.900 - Rp 99.900,Rp 99.900,0%,1,4.5
Glad2Glow,Jeju Tangerine Vita C Power Bright Glow Serum,Rp 20.250 - Rp 45.000,Rp 45.000,55%,1,4.8
Glad2Glow,Perfect Vita C Bright Glow Toner,Rp 45.000 - Rp 45.000,Rp 45.000,0%,1,4.8
Azarine,Brightening C- Glow Serum,Rp 47.200 - Rp 59.000,Rp 59.000,20%,1,4.6
Erha,Erha Acneact Acne Protection Sunscreen SPF 45 PA+++,Rp 97.500 - Rp 130.000,Rp 130.000,25%,1,4.4
Ariul,Ariul Green Vitamin C Toning Ampoule,Rp 131.820 - Rp 169.000,Rp 169.000,22%,1,4.8
For Skins Sake,For Skin’s Sake FSS Liquid Cream Moisturizer with Zinc PCA 1% & Squalane,Rp 151.200 - Rp 210.000,Rp 210.000,28%,1,4.8
Anua,BUY 1 GET 1 KPDH ANUA PEACH 70 NIACIN SERUM FACE MASK,Rp 49.000 - Rp 196.000,Rp 196.000,75%,1,
Anua,BUY 1 GET 1 KPDH ANUA NIACINAMIDE TXA SERUM MASK,Rp 49.000 - Rp 196.000,Rp 196.000,75%,1,
Anessa,Anessa Night Sun Care Serum,Rp 381.920 - Rp 434.000,Rp 434.000,12%,1,4.9
Mediheal,Mediheal Dermaplus Birch Mask,Rp 22.000 - Rp 25.000,Rp 25.000,12%New,1,5.0
The Originote,Hyalu-C Serum,Rp 54.625 - Rp 54.625,Rp 54.625,0%,1,4.7
Whitelab,Whitelab Glow Power C-Dose+ Serum,Rp 79.536 - Rp 139.537,Rp 139.537,43%,1,4.6
The Originote,Cica-B5 Soothing Moisturizer,Rp 69.000 - Rp 69.000,Rp 69.000,0%,1,4.7
FACERINNA,Salicylic Acid Acne Moisturizer,Rp 59.000 - Rp 59.000,Rp 59.000,0%,1,4.4
Bio Beauty Lab,Acne Treatment Face Oil,Rp 120.000 - Rp 320.000,Rp 120.000 - Rp 320.000,0%,3,4.6
Mediheal,Vitamin C bright Toning Pad Sachet 14 pcs,Rp 60.450 - Rp 65.000,Rp 65.000,0%,1,4.9
The Originote,Mugwort B3 Clay Stick,Rp 54.625 - Rp 54.625,Rp 54.625,0%,1,4.6
COSRX,Hydrium Moisture Power Enriched Cream,Rp 241.500 - Rp 345.000,Rp 345.000,30%,1,4.6
Laneige,Lip Sleeping Mask EX Grapefruit,Rp 201.500 - Rp 310.000,Rp 310.000,35%,1,4.8
Klavuu,Klavuu Phytoncide Mild Cleansing Foam,Rp 209.000 - Rp 220.000,Rp 220.000,0%,1,4.9
Derma Angel,Day Treatment Patch Set,Rp 54.000 - Rp 72.000,Rp 72.000,25%,1,5.0
Emina,Lip Mask Milky Matcha,Rp 46.000 - Rp 46.000,Rp 46.000,0%,1,4.7
Skin1004,SKIN1004 Madagascar Centella Matrixyl 10 Boosting Shot Ampoule,Rp 162.500 - Rp 650.000,Rp 650.000,75%,1,4.5
Cocoon,Dak Lak Coffee Face Polish,Rp 107.100 - Rp 119.000,Rp 119.000,10%,1,4.9
Guele Cosmetics,MUSE Tinted Lip Balm,Rp 144.000 - Rp 144.000,Rp 144.000,0%,4,4.8
Glad2Glow,Tremella Vita B5 Sensitive Calming Gel Cleanser,Rp 29.250 - Rp 39.000,Rp 39.000,25%,1,4.6
Loreal Paris,UV Defender Serum Protector Glow Up SPF50+,Rp 175.900 - Rp 175.900,Rp 175.900,0%,1,4.7
Glad2Glow,B5 Niacinamide Barrier Boosting Gel,Rp 33.750 - Rp 45.000,Rp 45.000,25%,1,5.0
Bioderma,Bioderma Sensibio Gel Moussant - Foaming Gel Cleanser,Rp 133.000 - Rp 227.500,Rp 190.000 - Rp 325.000,30%,3,4.5
FACERINNA,10% Niacinamide 3% TXA Bright Dark Spot Serum,Rp 59.000 - Rp 59.000,Rp 59.000,0%,1,4.7
FACERINNA,2% Niacinamide Power Bright Cleanser,Rp 49.000 - Rp 49.000,Rp 49.000,0%,1,4.6
Sungboon Editor,Sungboon Editor Active Marine Astaxanthin Tone up Sun Cream,Rp 141.900 - Rp 330.000,Rp 330.000,57%,1,4.9
Breylee,Pore Minimizer Serum Step 2,Rp 64.000 - Rp 80.000,Rp 80.000,20%,1,4.5
Derma Angel,Set of 5 Acne Patch Mix 18,Rp 159.000 - Rp 230.000,Rp 230.000,0%,1,
Anua,KPDH ANUA PEACH 70 NIACIN SERUM FACE MASK,Rp 49.000 - Rp 98.000,Rp 98.000,50%,1,4.7
Dear Klairs,Midnight Blue Calming Cream,Rp 117.000 - Rp 237.300,Rp 390.000 - Rp 791.000,70%,3,4.6
Jung Saem Mool,Essential Mool Cream Light,Rp 774.250 - Rp 815.000,Rp 815.000,0%,1,4.8
Mediheal,Phyto-Enzyme Clear Peeling Pad Sachet 14 pcs,Rp 60.450 - Rp 65.000,Rp 65.000,0%,1,5.0
Anua,3 Ceramide Panthenol Moisture Barrier Cream,Rp 367.080 - Rp 798.000,Rp 798.000,54%,1,4.7
NPure,Centella Asiatica Acne Clear Chocomint Clay Mask,Rp 89.000 - Rp 89.000,Rp 89.000,0%,1,4.8
Anua,BUY 1 GET 1 KPDH ANUA HEARTLEAF 77 SOOTHING MASK,Rp 49.000 - Rp 196.000,Rp 196.000,75%,1,
Finally Found You!,RICE+ BRIGHT & GLOW SERUM,Rp 152.000 - Rp 160.000,Rp 160.000,0%,1,4.8
Make P:rem,Safe me. Relief essence toner,Rp 122.700 - Rp 179.100,Rp 136.333 - Rp 199.000,10%,2,4.8
Wonder Wipes,Brightening  x Smooth Pore Micellar Wipes - 2pcs,Rp 62.820 - Rp 69.800,Rp 69.800,10%,1,4.7
Anessa,Day Serum Trial Set A (30ml + 12ml),Rp 504.000 - Rp 560.000,Rp 560.000,0%,1,4.8
Emina,Sun Battle SPF 50 PA++++ Barrier Hydraburst Sunscreen,Rp 45.000 - Rp 45.000,Rp 45.000,0%,1,4.9
Scarlett Whitening,Scarlett Whitening Brightly Serum,Rp 75.000 - Rp 75.000,Rp 75.000,0%,1,4.5
Make P:rem,Safe me. Relief Watery Cream,Rp 351.200 - Rp 439.000,Rp 439.000,20%,1,4.7
Embryolisse,Lait-Creme Multi-Protection,Rp 362.000 - Rp 362.000,Rp 362.000,0%,1,4.9
Bhumi,C+ Brightening Booster,Rp 139.020 - Rp 239.689,Rp 239.689,42%,1,4.6
Hada Labo,Shirojyun Ultimate Whitening Sheet Mask,Rp 95.040 - Rp 108.000,Rp 108.000,12%,1,4.6
Loreal Paris,Glycolic Bright Glowing Day Cream SPF30,Rp 209.000 - Rp 209.000,Rp 209.000,0%,1,4.7
Beauty of Joseon,Green Plum Refreshing Cleanser,Rp 117.000 - Rp 180.000,Rp 180.000,35%,1,4.7
Mediheal,Mediheal Dermaplus Aloe Mask,Rp 22.000 - Rp 25.000,Rp 25.000,12%New,1,5.0
Nacific,AHABHA Balancing Mask Pack,Rp 28.000 - Rp 35.000,Rp 35.000,20%,1,4.7
Focallure,Focallure x Sanrio Care Plus Lip Balm,Rp 37.400 - Rp 170.000,Rp 170.000,78%,4,4.8
Emina,Made-Calm & Purify Low pH Micellar Water,Rp 35.000 - Rp 53.000,Rp 35.000 - Rp 53.000,0%,2,4.9
Anua,PDRN Hyaluronic Acid Hydrating Capsule Mist,Rp 226.800 - Rp 345.960,Rp 378.000 - Rp 576.600,40%,2,4.9
Sukin,Signature Facial Moisturizer,Rp 107.400 - Rp 179.000,Rp 179.000,40%,1,4.5
Innisfree,Cherry Blossom Jelly Cream 50ml (21),Rp 142.800 - Rp 357.000,Rp 357.000,60%,1,4.7
From This Island,White Tea Ultra Light Protective Sun Serum,Rp 125.300 - Rp 179.000,Rp 179.000,30%,1,4.9
Round Lab,1025 Dokdo Lotion,Rp 209.400 - Rp 349.000,Rp 349.000,40%,1,4.6
Wardah,Vitamin C + Adenosine Radiant Charge Gel Moisturizer,Rp 119.000 - Rp 119.000,Rp 119.000,0%,1,4.8
HEIMISH,All Clean Balm Mandarin,Rp 201.300 - Rp 330.000,Rp 330.000,39%,1,4.8
I'm From,Rice Whip Facial Cleanser Set,Rp 439.120 - Rp 499.000,Rp 499.000,12%,1,5.0
Make P:rem,UV defense me. No Sebum sun cream,Rp 278.070 - Rp 299.000,Rp 299.000,0%,1,4.9
Derma Angel,Set of 5 Acne Patch Day (6 Patch),Rp 69.000 - Rp 85.000,Rp 85.000,0%,1,5.0
Neutrogena,Deep Clean Brightening Foaming Cleanser,Rp 20.490 - Rp 63.550,Rp 40.980 - Rp 127.100,50%,2,4.6
Derma Angel,Set of 5 Acne Patch Night (6 Patch),Rp 69.000 - Rp 90.000,Rp 90.000,0%,1,
Whitelab,Whitelab Cera-Mug Barrier Moisturizing Gel,Rp 65.550 - Rp 115.000,Rp 115.000,43%,1,4.7
Wardah,10% Vitamin C Ferulic Acid Radiant Charge Serum,Rp 125.000 - Rp 125.000,Rp 125.000,0%,1,4.8
Glad2Glow,B5-Cica Barrier Cream,Rp 33.750 - Rp 45.000,Rp 45.000,25%,1,4.4
Dr.G,R.E.D Blemish Clear Soothing Toner,Rp 181.350 - Rp 235.950,Rp 329.727 - Rp 429.000,45%,2,4.9
The Originote,2in1 Lash & Brow Serum,Rp 51.750 - Rp 51.750,Rp 51.750,0%,1,4.6
Skin Aqua,UV Mild Milk,Rp 63.360 - Rp 72.000,Rp 72.000,12%,1,4.6
Yadah,YADAH Soothing Mask Pack,Rp 21.000 - Rp 35.000,Rp 35.000,40%,1,4.8
Jung Saem Mool,LIP-PRESSION Water Tinted Lip Balm,Rp 342.000 - Rp 380.000,Rp 380.000,10%,4,4.1
Sukin,Blemish Control Spot Banishing Gel,Rp 113.750 - Rp 175.000,Rp 175.000,35%,1,4.4
BLP Beauty,BLP X Tuku Butter Balm,Rp 44.500 - Rp 89.000,Rp 89.000,50%,2,4.7
Ariul,Apple Cider pH Balancing Cleansing Foam,Rp 115.370 - Rp 139.000,Rp 139.000,17%,1,4.8
Sungboon Editor,Sungboon Editor Active Marine Astaxanthin Capsule Cream,Rp 108.000 - Rp 240.000,Rp 240.000,55%,1,4.9
Anua,PDRN 100 Hyaluronic Acid Glow Pad,Rp 294.780 - Rp 578.000,Rp 578.000,49%,1,4.9
Sungboon Editor,Sungboon Editor Green Tomato Pore Lifting Ampoule Toner,Rp 207.900 - Rp 770.000,Rp 770.000,73%,1,4.9
Pyunkang Yul,Calming Moisture Barrier Cream,Rp 171.600 - Rp 260.000,Rp 260.000,34%,1,4.6
Anua,KPDH ANUA GLASS SKIN CLEANSE DUO,Rp 334.540 - Rp 778.000,Rp 778.000,57%,1,5.0
Glad2Glow,7% Glycolic Acid Essence Toner,Rp 36.750 - Rp 49.000,Rp 49.000,25%,1,5.0
Glad2Glow,Centella Salicylic Acid Night Acne Patch,Rp 18.750 - Rp 25.000,Rp 25.000,25%,1,4.7
Teddy Clubs,Vanilla Milk Brightening,Rp 34.960 - Rp 38.000,Rp 38.000,0%,1,4.5
Pyunkang Yul,Cleansing Foam,Rp 118.800 - Rp 180.000,Rp 180.000,34%,1,4.6
Bio Beauty Lab,Acne Calming Spot Gel,Rp 135.000 - Rp 135.000,Rp 135.000,0%,1,4.6
UIQ,Biome Barrier™ Cream Mist,Rp 139.300 - Rp 199.000,Rp 199.000,30%,1,4.6
Nivea,Sun Face Protection Serum Spf 50+ Pa +++ - Instant Aura,Rp 79.500 - Rp 79.500,Rp 79.500,0%,1,4.6
Avoskin,YSB Serum Salicylic Acid 2% + Zinc,Rp 139.400 - Rp 164.000,Rp 164.000,15%,1,4.6
Scarlett Whitening,Scarlett Whitening Facial Wash,Rp 75.000 - Rp 75.000,Rp 75.000,0%,1,4.6
Trueve,Ceraboost Barrier Silk Moist,Rp 116.600 - Rp 212.000,Rp 212.000,45%,1,4.8
Labore,Sensitive Skin Care AcnePro Biome Intensive Acne Serum,Rp 85.000 - Rp 210.000,Rp 85.000 - Rp 210.000,0%,2,4.5
Hada Labo,Tamagohada Mild Peeling Make Up Remover Face Wash,Rp 37.840 - Rp 62.920,Rp 43.000 - Rp 71.500,12%,2,4.5
Emina,Lip Mask Vanilla Pretzel,Rp 46.000 - Rp 46.000,Rp 46.000,0%,1,4.7
Kleveru,Sea Buckthorn Cleansing Gel,Rp 83.118 - Rp 85.470,Rp 85.470,0%,1,4.7
FACERINNA,2% Salicylic Acid Acne Serum,Rp 59.000 - Rp 59.000,Rp 59.000,0%,1,4.9
Wardah,Zero Trace Mascara Remover,Rp 72.000 - Rp 72.000,Rp 72.000,0%,1,4.5
Dr.G,Green Mild Up Sun+ SPF50+ PA++++,Rp 209.300 - Rp 299.000,Rp 299.000,30%,1,4.6
I'm From,Rice Toner Pad,Rp 398.970 - Rp 429.000,Rp 429.000,0%,1,4.8
Loreal Paris,Glycolic Bright Glowing Night Cream,Rp 209.000 - Rp 209.000,Rp 209.000,0%,1,4.7
Gemistry,2in1 Face Elixir Acne Rescue,Rp 149.400 - Rp 249.000,Rp 249.000,40%,1,4.7
Buttered,Lanosalve Multipurpose Balm,Rp 40.150 - Rp 54.000,Rp 55.000 - Rp 73.973,27%,3,4.8
FACERINNA,Salicylic Acid Acne Gel Cleanser,Rp 49.000 - Rp 49.000,Rp 49.000,0%,1,4.8
Sungboon Editor,Sungboon Editor Green Tomato Pore Peeling Jumbo Pad,Rp 132.000 - Rp 660.000,Rp 660.000,80%New,1,4.8
Loreal Paris,Glycolic Bright Glowing Daily Cleanser Foam,Rp 77.900 - Rp 77.900,Rp 77.900,0%,1,4.8
NPure,Marigold Eyemazing Power Serum Concentrate,Rp 69.520 - Rp 79.000,Rp 79.000,12%,1,4.5
Wardah,Cica Complex + Panthenol Ceramide Calm & Soothe Gel Moisturizer,Rp 119.000 - Rp 119.000,Rp 119.000,0%,1,4.6
Innisfree,Black Tea Youth Enhancing ampoule,Rp 228.000 - Rp 570.000,Rp 570.000,60%,1,4.7
Pyunkang Yul,Mist Toner,Rp 108.000 - Rp 171.600,Rp 180.000 - Rp 286.000,40%,2,4.6
NPure,Marigold Anti-Aging Youth Defense Face Serum,Rp 88.000 - Rp 100.000,Rp 100.000,12%,1,4.6
Erha,Skinsitive DF Ultracalm Face Wash,Rp 90.000 - Rp 120.000,Rp 120.000,25%,1,4.6
Rated Green,Real Grow Anti-Hair Loss Stimulating Scalp Spray,Rp 141.000 - Rp 235.000,Rp 235.000,40%,1,4.7
Makarizo,Advisor Vitamax,Rp 66.405 - Rp 69.900,Rp 69.900,0%,1,4.7
Rated Green,Real Mary Exfoliating Scalp Shampoo,Rp 59.400 - Rp 161.400,Rp 99.000 - Rp 269.000,40%,2,4.6
Lavojoy,Hold Me Tight Pro Shampoo Spring Wonder,Rp 104.834 - Rp 121.900,Rp 121.900,14%,1,4.6
Sociolla Collection,Scalp Massager,Rp 41.175 - Rp 54.900,Rp 54.900,25%,1,4.9
Woshday,Scalp Purifying Shampoo,Rp 94.050 - Rp 236.550,Rp 94.050 - Rp 236.550,0%,2,4.8
Makarizo,Hair Energy Scentsations Hair Fragrance,Rp 16.435 - Rp 36.480,Rp 16.435 - Rp 36.480,0%,1,4.7
CBD Professional,Keratin Pro Daily Use Hair Mask,Rp 10.440 - Rp 108.720,Rp 14.914 - Rp 155.314,30%,3,4.7
Tsubaki,Premium Ex Repair Mask,Rp 199.900 - Rp 199.900,Rp 199.900,0%,1,4.8
Makarizo Professional,Barber Daily 2 in 1 Hair Tonic Bottle,Rp 82.980 - Rp 92.200,Rp 92.200,0%,1,4.7
LashBoss,Rosemary Hair Growth Oil,Rp 201.875 - Rp 382.500,Rp 224.306 - Rp 425.000,10%,2,4.6
Sociolla Collection,Bangs Roller,Rp 30.675 - Rp 40.900,Rp 40.900,25%,1,4.9
Makarizo,Advisor Hair & Scalp Tonic,Rp 39.425 - Rp 73.980,Rp 39.425 - Rp 73.980,0%,2,4.6
Moist Diane,Diane Extra Hair Fall Control Shampoo  (Made in Japan),Rp 44.160 - Rp 108.800,Rp 69.000 - Rp 170.000,36%,2,4.5
Aepura,Red Ginseng-Activating Shampoo,Rp 99.000 - Rp 99.000,Rp 99.000,0%,1,4.8
CBD Professional,Color Shield Hair Mask 500ml,Rp 68.870 - Rp 112.320,Rp 97.000 - Rp 158.197,29%,2,4.8
O'Sweet Singapore,Ginger Shampoo,Rp 132.999 - Rp 370.499,Rp 132.999 - Rp 370.499,0%,3,4.6
Loreal Paris,Extraordinary Oil Gold,Rp 184.000 - Rp 184.000,Rp 184.000,0%,1,4.7
Rated Green,Real Grow Anti-Hair Loss Treatment Shampoo,Rp 161.400 - Rp 269.000,Rp 269.000,40%,1,4.5
Batiste,Fruity & Cheeky Cherry,Rp 95.000 - Rp 125.000,Rp 125.000,24%,1,4.7
Sociolla Collection,Travel Bestie Hair Brush,Rp 59.925 - Rp 79.900,Rp 79.900,25%,1,4.9
SHRD,Protein Cream,Rp 236.740 - Rp 359.000,Rp 266.000 - Rp 403.371,11%,2,4.7
Orinesia,Rasa Tenang Dry Shampoo Spray,Rp 118.655 - Rp 124.900,Rp 124.900,0%,1,4.7
CBD Professional,Fix Pro Supreme Hold Styling Spray 380ml,Rp 109.837 - Rp 154.700,Rp 154.700,29%,1,4.6
Makarizo,Hair Energy Fibertherapy Hair & Scalp Creambath Aloe & Melon,Rp 56.430 - Rp 111.510,Rp 56.430 - Rp 111.510,0%,2,4.7
Tsubaki,Premium EX Hair Fall Care & Repair Shampoo,Rp 174.503 - Rp 179.900,Rp 179.900,0%,1,4.7
Makarizo Professional,Salon Daily Redensifying Hair Tonic Spray Bottle,Rp 93.780 - Rp 104.200,Rp 104.200,0%,1,4.6
Lavojoy,Out of My Head Shampoo,Rp 66.867 - Rp 71.900,Rp 71.900,0%,1,4.6
Lae Sa Luay,HAIR SPA SMOOTH KERATIN,Rp 69.700 - Rp 85.000,Rp 85.000,18%,1,4.6
Sociolla Collection,Volumizing Roller Pins,Rp 44.925 - Rp 59.900,Rp 59.900,25%,2,4.8
Makarizo Professional,Salon Daily Professional Keratin Hair Spray Non Aeorosol - Extra Strong Hold,Rp 115.290 - Rp 128.100,Rp 128.100,0%,1,4.8
Rated Green,Avocado Nourishing Scalp Pack,Rp 35.400 - Rp 149.400,Rp 59.000 - Rp 249.000,40%,2,4.7
Wonderlux,Extra Hold Spray Setter! Hair Spray,Rp 63.750 - Rp 75.000,Rp 75.000,15%,1,4.7
Sociolla Collection,Hair Roller,Rp 52.425 - Rp 69.900,Rp 69.900,25%,1,4.9
Bonvie,BONVIE Kemiri Gin Tonic (with Biotin + Aloe Vera + Peppermint),Rp 104.500 - Rp 110.000,Rp 110.000,0%,1,4.6
Lavojoy,Hold Me Tight Pro Conditioner Spring Wonder,Rp 86.774 - Rp 100.900,Rp 100.900,14%,1,4.7
Rated Green,Real Shea Nourishing Shampoo,Rp 59.400 - Rp 161.400,Rp 99.000 - Rp 269.000,40%,2,4.6
Ellips,Vitamin Rambut Keratin Hair Repair Jar,Rp 117.990 - Rp 124.200,Rp 124.200,0%,1,4.7
Sociolla Collection,Hair Ties,Rp 23.175 - Rp 30.900,Rp 30.900,25%,1,4.9
Miss Daisy,MISSDAISY Perfume Shampoo - Blackcurrant & Vanilla Sugar,Rp 368.940 - Rp 429.000,Rp 429.000,14%,1,4.6
CBD Professional,Keratin Pro Daily Hair Vitamin Spray 100ml,Rp 66.385 - Rp 93.500,Rp 93.500,29%,1,4.6
CBD Professional,Keratin Pro Daily Shampoo,Rp 45.360 - Rp 113.760,Rp 63.000 - Rp 158.000,28%,2,4.6
Ellips,Vitamin Rambut Hair Vitality Jar New,Rp 117.990 - Rp 124.200,Rp 124.200,0%,1,4.7
Ellips,Hair Mist Fresh & Smooth,Rp 32.300 - Rp 34.000,Rp 34.000,0%,1,4.8
Miss Daisy,MISSDAISY Perfume Shampoo - Peony & Amber,Rp 149.000 - Rp 368.940,Rp 173.256 - Rp 429.000,14%,2,4.4
Sociolla Collection,Detangling Hair Brush,Rp 67.425 - Rp 89.900,Rp 89.900,25%,1,4.9
Makarizo Professional,Texture Experience Creambath Strawberry Yoghurt Softening & Shine-Boosting Treatment,Rp 31.065 - Rp 345.780,Rp 31.065 - Rp 345.780,0%,3,4.6
Rated Green,Real Shea Real Change Treatment,Rp 131.400 - Rp 219.000,Rp 219.000,40%,1,4.7
Rated Green,Rosemary Balancing Scalp Pack,Rp 35.400 - Rp 149.400,Rp 59.000 - Rp 249.000,40%,2,4.6
TRESemmé,TRESEMME Keratin Smooth Keratinbond+ No 4 Serum,Rp 178.240 - Rp 222.800,Rp 222.800,20%,1,4.8
Tsubaki,Premium Moist & Repair Shampoo,Rp 145.403 - Rp 149.900,Rp 149.900,0%,1,4.8
Erha,ERHAIR HairGrow Biotin & Keratin Tonic,Rp 131.250 - Rp 175.000,Rp 175.000,25%,1,4.4
Rated Green,Real Mary Energizing Scalp Spray,Rp 135.000 - Rp 225.000,Rp 225.000,40%,1,4.6
CBD Professional,Collagen Repair Hair Serum 100ml,Rp 75.615 - Rp 106.500,Rp 106.500,29%,1,4.7
Tsubaki,Premium Volume & Repair Shampoo,Rp 145.403 - Rp 149.900,Rp 149.900,0%,1,4.8
Ellips,Vitamin Rambut Hair Treatment Jar New,Rp 117.990 - Rp 124.200,Rp 124.200,0%,1,4.7
Rated Green,Detangling Perfume Hair Mist,Rp 101.400 - Rp 169.000,Rp 169.000,40%,3,4.6
Aepura,Hair-Activating Conditioner,Rp 79.000 - Rp 79.000,Rp 79.000,0%,1,4.9
Makarizo Professional,Texture Experience Creambath Black Chocolate Deeply Moisturizing Treatment,Rp 31.065 - Rp 345.780,Rp 31.065 - Rp 345.780,0%,3,4.7
CBD Professional,Color Shield Shampoo 250ml,Rp 46.860 - Rp 66.000,Rp 66.000,29%,1,4.6
Makarizo,Hair Energy Fibertherapy Hair & Scalp Creambath Royal Jelly,Rp 56.430 - Rp 111.510,Rp 56.430 - Rp 111.510,0%,2,4.8
CBD Professional,Collagen Repair Hair Mask 500gr,Rp 109.440 - Rp 152.000,Rp 152.000,28%,1,4.8
Moist Diane,Extra Volume & Scalp Shampoo,Rp 108.800 - Rp 136.000,Rp 136.000,20%,1,4.5
Rated Green,Real Tamanu Cold Pressed Tamanu Oil Soothing Scalp Shampoo,Rp 59.400 - Rp 161.400,Rp 99.000 - Rp 269.000,40%,2,4.6
Loreal Paris,Extraordinary Oil Pink Hair Serum,Rp 184.000 - Rp 184.000,Rp 184.000,0%,1,4.6
Ellips,Hair Mist Sweet&Silky,Rp 32.300 - Rp 34.000,Rp 34.000,0%,1,4.8
Rated Green,Tamanu Oil Soothing Scalp Pack,Rp 35.400 - Rp 149.400,Rp 59.000 - Rp 249.000,40%,2,4.6
Bob & Frou,Shape and Bounce Cream,Rp 159.000 - Rp 159.000,Rp 159.000,0%,1,4.6
Rated Green,Real Argan Repairing Shampoo,Rp 59.400 - Rp 161.400,Rp 99.000 - Rp 269.000,40%,2,4.6
Lavojoy,So So So Smooth Shampoo,Rp 66.867 - Rp 71.900,Rp 71.900,0%,1,4.6
La'Dor,Dermatical Scalp Tonic,Rp 240.000 - Rp 240.000,Rp 240.000,0%,1,4.6
Tsubaki,Premium EX Hair Fall Care & Repair Conditioner Treatment,Rp 174.503 - Rp 179.900,Rp 179.900,0%,1,4.7
Miss Daisy,MISSDAISY Perfume Shampoo - Rose & Oud,Rp 149.000 - Rp 368.940,Rp 173.256 - Rp 429.000,14%,2,4.5
Loreal Paris,Elseve Hyaluron Pure Shampoo,Rp 87.000 - Rp 105.000,Rp 87.000 - Rp 105.000,0%,2,4.7
Ree Derma Wellness,Hot Oil Hair & Scalp Treatment by Ree DermaWellness,Rp 80.000 - Rp 213.400,Rp 80.000 - Rp 213.400,0%,2,4.5
Woshday,Woshday Bundle Set,Rp 448.200 - Rp 498.000,Rp 498.000,10%,1,4.9
Rated Green,Hibiscus Moisturizing Scalp Pack,Rp 35.400 - Rp 149.400,Rp 59.000 - Rp 249.000,40%,2,4.7
La'Dor,Hair Loss Shampoo,Rp 190.000 - Rp 370.000,Rp 190.000 - Rp 370.000,0%,2,4.4
Erha,ERHAIR Scalperfect Piroctone Olamine & Climbazole Shampoo,Rp 67.500 - Rp 180.000,Rp 90.000 - Rp 240.000,25%,2,4.5
Jacquelle Beaute,Smoothing Hair Brush - Disney Winnie The Pooh edition,Rp 96.750 - Rp 129.000,Rp 129.000,25%,2,5.0
Loreal Paris,Elseve Hyaluron Pure Conditioner,Rp 87.000 - Rp 87.000,Rp 87.000,0%,1,4.8
Tsubaki,Premium Moist & Repair Conditioner,Rp 145.403 - Rp 149.900,Rp 149.900,0%,1,4.8
Kundal,Kundal Scalp Care and Caffeine Shampoo,Rp 176.280 - Rp 226.000,Rp 226.000,22%,1,4.6
Bob & Frou,Curl Power Define and Hold Gel,Rp 159.000 - Rp 159.000,Rp 159.000,0%,1,4.7
Moist Diane,Diane Extra Hair Fall Control Treatment (Conditioner) - Made In Japan,Rp 44.160 - Rp 108.800,Rp 69.000 - Rp 170.000,36%,2,4.6
Moist Diane,Extra Smooth & Straight Shampoo,Rp 108.800 - Rp 136.000,Rp 136.000,20%,1,4.7
Erha,ERHAIR HairGrow Panax Ginseng & Pumpkin Seed Extract Shampoo,Rp 71.250 - Rp 180.000,Rp 95.000 - Rp 240.000,25%,2,4.2
Wonderlux,Hold My Strands! Hair Fall Treatment Shampoo,Rp 84.150 - Rp 99.000,Rp 99.000,15%,1,4.7
O'Sweet Singapore,Daikin Conditioner,Rp 256.499 - Rp 370.499,Rp 256.499 - Rp 370.499,0%,2,4.7
Bob & Frou,Curl Power Air Style Primer,Rp 139.000 - Rp 139.000,Rp 139.000,0%,1,4.5
Wonderlux,Drop Dead Growgeous! Hair Densifying Shampoo,Rp 84.150 - Rp 99.000,Rp 99.000,15%,1,4.7
Rated Green,Real Argan Shine Hair Oil,Rp 153.000 - Rp 255.000,Rp 255.000,40%,1,4.6
Tsubaki,Premium Moist & Repair Treatment,Rp 125.305 - Rp 131.900,Rp 131.900,0%,1,4.8
Tsubaki,Premium Ex Damage Care & Repair Shampoo,Rp 174.503 - Rp 179.900,Rp 179.900,0%,1,4.8
Wonderlux,Drop Dead Growgeous! Densifying Hair Scalp Serum,Rp 153.550 - Rp 185.000,Rp 185.000,17%,1,4.7
Tsubaki,Premium Volume & Repair Treatment,Rp 125.305 - Rp 131.900,Rp 131.900,0%,1,4.7
Wonderlux,Hair Mistion! Enchanted Floral,Rp 63.750 - Rp 75.000,Rp 75.000,15%,1,4.9
Rated Green,Real Prune Color Protecting Shampoo,Rp 59.400 - Rp 161.400,Rp 99.000 - Rp 269.000,40%,2,4.8
Bonvie,BONVIE Serum Shampoo Kemiri (with Aloe Vera & Panthenol 1%),Rp 112.100 - Rp 118.000,Rp 118.000,0%,1,4.6
Lilla Baby,Happy Hair Lotion,Rp 62.100 - Rp 69.000,Rp 69.000,10%,1,4.9
Batiste,Floral & Flirty Blush,Rp 54.000 - Rp 97.500,Rp 54.000 - Rp 97.500,0%,2,4.7
